denominazione,codice_istat
Agliè,001001
Airasca,001002
Ala di Stura,001003
Albiano d'Ivrea,001004
Almese,001006
Alpette,001007
Alpignano,001008
Andezeno,001009
Andrate,001010
Angrogna,001011
Arignano,001012
Avigliana,001013
Azeglio,001014
Bairo,001015
Balangero,001016
Baldissero Canavese,001017
Baldissero Torinese,001018
Balme,001019
Banchette,001020
Barbania,001021
Bardonecchia,001022
Barone Canavese,001023
Beinasco,001024
Bibiana,001025
Bobbio Pellice,001026
Bollengo,001027
Borgaro Torinese,001028
Borgiallo,001029
Borgofranco d'Ivrea,001030
Borgomasino,001031
Borgone Susa,001032
Bosconero,001033
Brandizzo,001034
Bricherasio,001035
Brosso,001036
Brozolo,001037
Bruino,001038
Brusasco,001039
Bruzolo,001040
Buriasco,001041
Burolo,001042
Busano,001043
Bussoleno,001044
Buttigliera Alta,001045
Cafasse,001046
Caluso,001047
Cambiano,001048
Campiglione Fenile,001049
Candia Canavese,001050
Candiolo,001051
Canischio,001052
Cantalupa,001053
Cantoira,001054
Caprie,001055
Caravino,001056
Carema,001057
Carignano,001058
Carmagnola,001059
Casalborgone,001060
Cascinette d'Ivrea,001061
Caselette,001062
Caselle Torinese,001063
Castagneto Po,001064
Castagnole Piemonte,001065
Castellamonte,001066
Castelnuovo Nigra,001067
Castiglione Torinese,001068
Cavagnolo,001069
Cavour,001070
Cercenasco,001071
Ceres,001072
Ceresole Reale,001073
Cesana Torinese,001074
Chialamberto,001075
Chianocco,001076
Chiaverano,001077
Chieri,001078
Chiesanuova,001079
Chiomonte,001080
Chiusa di San Michele,001081
Chivasso,001082
Ciconio,001083
Cintano,001084
Cinzano,001085
Ciriè,001086
Claviere,001087
Coassolo Torinese,001088
Coazze,001089
Collegno,001090
Colleretto Castelnuovo,001091
Colleretto Giacosa,001092
Condove,001093
Corio,001094
Cossano Canavese,001095
Cuceglio,001096
Cumiana,001097
Cuorgnè,001098
Druento,001099
Exilles,001100
Favria,001101
Feletto,001102
Fenestrelle,001103
Fiano,001104
Fiorano Canavese,001105
Foglizzo,001106
Forno Canavese,001107
Frassinetto,001108
Front,001109
Frossasco,001110
Garzigliana,001111
Gassino Torinese,001112
Germagnano,001113
Giaglione,001114
Giaveno,001115
Givoletto,001116
Gravere,001117
Groscavallo,001118
Grosso,001119
Grugliasco,001120
Ingria,001121
Inverso Pinasca,001122
Isolabella,001123
Issiglio,001124
Ivrea,001125
La Cassa,001126
La Loggia,001127
Lanzo Torinese,001128
Lauriano,001129
Leini,001130
Lemie,001131
Lessolo,001132
Levone,001133
Locana,001134
Lombardore,001135
Lombriasco,001136
Loranzè,001137
Luserna San Giovanni,001139
Lusernetta,001140
Lusigliè,001141
Macello,001142
Maglione,001143
Marentino,001144
Massello,001145
Mathi,001146
Mattie,001147
Mazzè,001148
Meana di Susa,001149
Mercenasco,001150
Mezzenile,001152
Mombello di Torino,001153
Mompantero,001154
Monastero di Lanzo,001155
Moncalieri,001156
Moncenisio,001157
Montaldo Torinese,001158
Montalenghe,001159
Montalto Dora,001160
Montanaro,001161
Monteu da Po,001162
Moriondo Torinese,001163
Nichelino,001164
Noasca,001165
Nole,001166
Nomaglio,001167
None,001168
Novalesa,001169
Oglianico,001170
Orbassano,001171
Orio Canavese,001172
Osasco,001173
Osasio,001174
Oulx,001175
Ozegna,001176
Palazzo Canavese,001177
Pancalieri,001178
Parella,001179
Pavarolo,001180
Pavone Canavese,001181
Pecetto Torinese,001183
Perosa Argentina,001184
Perosa Canavese,001185
Perrero,001186
Pertusio,001187
Pessinetto,001188
Pianezza,001189
Pinasca,001190
Pinerolo,001191
Pino Torinese,001192
Piobesi Torinese,001193
Piossasco,001194
Piscina,001195
Piverone,001196
Poirino,001197
Pomaretto,001198
Pont Canavese,001199
Porte,001200
Pragelato,001201
Prali,001202
Pralormo,001203
Pramollo,001204
Prarostino,001205
Prascorsano,001206
Pratiglione,001207
Quagliuzzo,001208
Quassolo,001209
Quincinetto,001210
Reano,001211
Ribordone,001212
Rivalba,001213
Rivalta di Torino,001214
Riva presso Chieri,001215
Rivara,001216
Rivarolo Canavese,001217
Rivarossa,001218
Rivoli,001219
Robassomero,001220
Rocca Canavese,001221
Roletto,001222
Romano Canavese,001223
Ronco Canavese,001224
Rondissone,001225
Rorà,001226
Roure,001227
Rosta,001228
Rubiana,001229
Rueglio,001230
Salassa,001231
Salbertrand,001232
Salerano Canavese,001233
Salza di Pinerolo,001234
Samone,001235
San Benigno Canavese,001236
San Carlo Canavese,001237
San Colombano Belmonte,001238
San Didero,001239
San Francesco al Campo,001240
Sangano,001241
San Germano Chisone,001242
San Gillio,001243
San Giorgio Canavese,001244
San Giorio di Susa,001245
San Giusto Canavese,001246
San Martino Canavese,001247
San Maurizio Canavese,001248
San Mauro Torinese,001249
San Pietro Val Lemina,001250
San Ponso,001251
San Raffaele Cimena,001252
San Sebastiano da Po,001253
San Secondo di Pinerolo,001254
Sant'Ambrogio di Torino,001255
Sant'Antonino di Susa,001256
Santena,001257
Sauze di Cesana,001258
Sauze d'Oulx,001259
Scalenghe,001260
Scarmagno,001261
Sciolze,001262
Sestriere,001263
Settimo Rottaro,001264
Settimo Torinese,001265
Settimo Vittone,001266
Sparone,001267
Strambinello,001268
Strambino,001269
Susa,001270
Tavagnasco,001271
Torino,001272
Torrazza Piemonte,001273
Torre Canavese,001274
Torre Pellice,001275
Trana,001276
Traversella,001278
Traves,001279
Trofarello,001280
Usseaux,001281
Usseglio,001282
Vaie,001283
Val della Torre,001284
Valgioie,001285
Vallo Torinese,001286
Valperga,001287
Valprato Soana,001288
Varisella,001289
Vauda Canavese,001290
Venaus,001291
Venaria Reale,001292
Verolengo,001293
Verrua Savoia,001294
Vestignè,001295
Vialfrè,001296
Vidracco,001298
Vigone,001299
Villafranca Piemonte,001300
Villanova Canavese,001301
Villarbasse,001302
Villar Dora,001303
Villareggia,001304
Villar Focchiardo,001305
Villar Pellice,001306
Villar Perosa,001307
Villastellone,001308
Vinovo,001309
Virle Piemonte,001310
Vische,001311
Vistrorio,001312
Viù,001313
Volpiano,001314
Volvera,001315
Mappano,001316
Val di Chy,001317
Valchiusa,001318
Alagna Valsesia,002002
Albano Vercellese,002003
Alice Castello,002004
Arborio,002006
Asigliano Vercellese,002007
Balmuccia,002008
Balocco,002009
Bianzè,002011
Boccioleto,002014
Borgo d'Ale,002015
Borgosesia,002016
Borgo Vercelli,002017
Buronzo,002021
Campertogno,002025
Carcoforo,002029
Caresana,002030
Caresanablot,002031
Carisio,002032
Casanova Elvo,002033
San Giacomo Vercellese,002035
Cervatto,002041
Cigliano,002042
Civiasco,002043
Collobiano,002045
Costanzana,002047
Cravagliana,002048
Crescentino,002049
Crova,002052
Desana,002054
Fobello,002057
Fontanetto Po,002058
Formigliana,002059
Gattinara,002061
Ghislarengo,002062
Greggio,002065
Guardabosone,002066
Lamporo,002067
Lenta,002068
Lignana,002070
Livorno Ferraris,002071
Lozzolo,002072
Mollia,002078
Moncrivello,002079
Motta de' Conti,002082
Olcenengo,002088
Oldenico,002089
Palazzolo Vercellese,002090
Pertengo,002091
Pezzana,002093
Pila,002096
Piode,002097
Postua,002102
Prarolo,002104
Quarona,002107
Quinto Vercellese,002108
Rassa,002110
Rimella,002113
Rive,002115
Roasio,002116
Ronsecco,002118
Rossa,002121
Rovasenda,002122
Salasco,002126
Sali Vercellese,002127
Saluggia,002128
San Germano Vercellese,002131
Santhià,002133
Scopa,002134
Scopello,002135
Serravalle Sesia,002137
Stroppiana,002142
Tricerro,002147
Trino,002148
Tronzano Vercellese,002150
Valduggia,002152
Varallo,002156
Vercelli,002158
Villarboit,002163
Villata,002164
Vocca,002166
Alto Sermenza,002170
Cellio con Breia,002171
Agrate Conturbia,003001
Ameno,003002
Armeno,003006
Arona,003008
Barengo,003012
Bellinzago Novarese,003016
Biandrate,003018
Boca,003019
Bogogno,003021
Bolzano Novarese,003022
Borgolavezzaro,003023
Borgomanero,003024
Borgo Ticino,003025
Briga Novarese,003026
Briona,003027
Caltignaga,003030
Cameri,003032
Carpignano Sesia,003036
Casalbeltrame,003037
Casaleggio Novara,003039
Casalino,003040
Casalvolone,003041
Castellazzo Novarese,003042
Castelletto sopra Ticino,003043
Cavaglietto,003044
Cavaglio d'Agogna,003045
Cavallirio,003047
Cerano,003049
Colazza,003051
Comignago,003052
Cressa,003055
Cureggio,003058
Divignano,003060
Dormelletto,003062
Fara Novarese,003065
Fontaneto d'Agogna,003066
Galliate,003068
Garbagna Novarese,003069
Gargallo,003070
Ghemme,003073
Gozzano,003076
Granozzo con Monticello,003077
Grignasco,003079
Invorio,003082
Landiona,003083
Lesa,003084
Maggiora,003088
Mandello Vitta,003090
Marano Ticino,003091
Massino Visconti,003093
Meina,003095
Mezzomerico,003097
Miasino,003098
Momo,003100
Nebbiuno,003103
Nibbiola,003104
Novara,003106
Oleggio,003108
Oleggio Castello,003109
Orta San Giulio,003112
Paruzzaro,003114
Pella,003115
Pettenasco,003116
Pisano,003119
Pogno,003120
Pombia,003121
Prato Sesia,003122
Recetto,003129
Romagnano Sesia,003130
Romentino,003131
San Maurizio d'Opaglio,003133
San Nazzaro Sesia,003134
San Pietro Mosezzo,003135
Sillavengo,003138
Sizzano,003139
Soriso,003140
Sozzago,003141
Suno,003143
Terdobbiate,003144
Tornaco,003146
Trecate,003149
Vaprio d'Agogna,003153
Varallo Pombia,003154
Vespolate,003158
Vicolungo,003159
Vinzaglio,003164
Gattico-Veruno,003166
Acceglio,004001
Aisone,004002
Alba,004003
Albaretto della Torre,004004
Alto,004005
Argentera,004006
Arguello,004007
Bagnasco,004008
Bagnolo Piemonte,004009
Baldissero d'Alba,004010
Barbaresco,004011
Barge,004012
Barolo,004013
Bastia Mondovì,004014
Battifollo,004015
Beinette,004016
Bellino,004017
Belvedere Langhe,004018
Bene Vagienna,004019
Benevello,004020
Bergolo,004021
Bernezzo,004022
Bonvicino,004023
Borgomale,004024
Borgo San Dalmazzo,004025
Bosia,004026
Bossolasco,004027
Boves,004028
Bra,004029
Briaglia,004030
Briga Alta,004031
Brondello,004032
Brossasco,004033
Busca,004034
Camerana,004035
Canale,004037
Canosio,004038
Caprauna,004039
Caraglio,004040
Caramagna Piemonte,004041
Cardè,004042
Carrù,004043
Cartignano,004044
Casalgrasso,004045
Castagnito,004046
Casteldelfino,004047
Castelletto Stura,004049
Castelletto Uzzone,004050
Castellinaldo d'Alba,004051
Castellino Tanaro,004052
Castelmagno,004053
Castelnuovo di Ceva,004054
Castiglione Falletto,004055
Castiglione Tinella,004056
Castino,004057
Cavallerleone,004058
Cavallermaggiore,004059
Celle di Macra,004060
Centallo,004061
Ceresole Alba,004062
Cerretto Langhe,004063
Cervasca,004064
Cervere,004065
Ceva,004066
Cherasco,004067
Chiusa di Pesio,004068
Cigliè,004069
Cissone,004070
Clavesana,004071
Corneliano d'Alba,004072
Cortemilia,004073
Cossano Belbo,004074
Costigliole Saluzzo,004075
Cravanzana,004076
Crissolo,004077
Cuneo,004078
Demonte,004079
Diano d'Alba,004080
Dogliani,004081
Dronero,004082
Elva,004083
Entracque,004084
Envie,004085
Farigliano,004086
Faule,004087
Feisoglio,004088
Fossano,004089
Frabosa Soprana,004090
Frabosa Sottana,004091
Frassino,004092
Gaiola,004093
Gambasca,004094
Garessio,004095
Genola,004096
Gorzegno,004097
Gottasecca,004098
Govone,004099
Grinzane Cavour,004100
Guarene,004101
Igliano,004102
Isasca,004103
Lagnasco,004104
La Morra,004105
Lequio Berria,004106
Lequio Tanaro,004107
Lesegno,004108
Levice,004109
Limone Piemonte,004110
Lisio,004111
Macra,004112
Magliano Alfieri,004113
Magliano Alpi,004114
Mango,004115
Manta,004116
Marene,004117
Margarita,004118
Marmora,004119
Marsaglia,004120
Martiniana Po,004121
Melle,004122
Moiola,004123
Mombarcaro,004124
Mombasiglio,004125
Monastero di Vasco,004126
Monasterolo Casotto,004127
Monasterolo di Savigliano,004128
Monchiero,004129
Mondovì,004130
Monesiglio,004131
Monforte d'Alba,004132
Montà,004133
Montaldo di Mondovì,004134
Montaldo Roero,004135
Montanera,004136
Montelupo Albese,004137
Montemale di Cuneo,004138
Monterosso Grana,004139
Monteu Roero,004140
Montezemolo,004141
Monticello d'Alba,004142
Moretta,004143
Morozzo,004144
Murazzano,004145
Murello,004146
Narzole,004147
Neive,004148
Neviglie,004149
Niella Belbo,004150
Niella Tanaro,004151
Novello,004152
Nucetto,004153
Oncino,004154
Ormea,004155
Ostana,004156
Paesana,004157
Pagno,004158
Pamparato,004159
Paroldo,004160
Perletto,004161
Perlo,004162
Peveragno,004163
Pezzolo Valle Uzzone,004164
Pianfei,004165
Piasco,004166
Pietraporzio,004167
Piobesi d'Alba,004168
Piozzo,004169
Pocapaglia,004170
Polonghera,004171
Pontechianale,004172
Pradleves,004173
Prazzo,004174
Priero,004175
Priocca,004176
Priola,004177
Prunetto,004178
Racconigi,004179
Revello,004180
Rifreddo,004181
Rittana,004182
Roaschia,004183
Roascio,004184
Robilante,004185
Roburent,004186
Roccabruna,004187
Rocca Cigliè,004188
Rocca de' Baldi,004189
Roccaforte Mondovì,004190
Roccasparvera,004191
Roccavione,004192
Rocchetta Belbo,004193
Roddi,004194
Roddino,004195
Rodello,004196
Rossana,004197
Ruffia,004198
Sale delle Langhe,004199
Sale San Giovanni,004200
Saliceto,004201
Salmour,004202
Saluzzo,004203
Sambuco,004204
Sampeyre,004205
San Benedetto Belbo,004206
San Damiano Macra,004207
Sanfrè,004208
Sanfront,004209
San Michele Mondovì,004210
Sant'Albano Stura,004211
Santa Vittoria d'Alba,004212
Santo Stefano Belbo,004213
Santo Stefano Roero,004214
Savigliano,004215
Scagnello,004216
Scarnafigi,004217
Serralunga d'Alba,004218
Serravalle Langhe,004219
Sinio,004220
Somano,004221
Sommariva del Bosco,004222
Sommariva Perno,004223
Stroppo,004224
Tarantasca,004225
Torre Bormida,004226
Torre Mondovì,004227
Torre San Giorgio,004228
Torresina,004229
Treiso,004230
Trezzo Tinella,004231
Trinità,004232
Valdieri,004233
Valgrana,004234
Valloriate,004235
Venasca,004237
Verduno,004238
Vernante,004239
Verzuolo,004240
Vezza d'Alba,004241
Vicoforte,004242
Vignolo,004243
Villafalletto,004244
Villanova Mondovì,004245
Villanova Solaro,004246
Villar San Costanzo,004247
Vinadio,004248
Viola,004249
Vottignasco,004250
Agliano Terme,005001
Albugnano,005002
Antignano,005003
Aramengo,005004
Asti,005005
Azzano d'Asti,005006
Baldichieri d'Asti,005007
Belveglio,005008
Berzano di San Pietro,005009
Bruno,005010
Bubbio,005011
Buttigliera d'Asti,005012
Calamandrana,005013
Calliano Monferrato,005014
Calosso,005015
Camerano Casasco,005016
Canelli,005017
Cantarana,005018
Capriglio,005019
Casorzo Monferrato,005020
Cassinasco,005021
Castagnole delle Lanze,005022
Castagnole Monferrato,005023
Castel Boglione,005024
Castell'Alfero,005025
Castellero,005026
Castelletto Molina,005027
Castello di Annone,005028
Castelnuovo Belbo,005029
Castelnuovo Calcea,005030
Castelnuovo Don Bosco,005031
Castel Rocchero,005032
Cellarengo,005033
Celle Enomondo,005034
Cerreto d'Asti,005035
Cerro Tanaro,005036
Cessole,005037
Chiusano d'Asti,005038
Cinaglio,005039
Cisterna d'Asti,005040
Coazzolo,005041
Cocconato,005042
Corsione,005044
Cortandone,005045
Cortanze,005046
Cortazzone,005047
Cortiglione,005048
Cossombrato,005049
Costigliole d'Asti,005050
Cunico,005051
Dusino San Michele,005052
Ferrere,005053
Fontanile,005054
Frinco,005055
Grana Monferrato,005056
Grazzano Badoglio,005057
Incisa Scapaccino,005058
Isola d'Asti,005059
Loazzolo,005060
Maranzana,005061
Maretto,005062
Moasca,005063
Mombaldone,005064
Mombaruzzo,005065
Mombercelli,005066
Monale,005067
Monastero Bormida,005068
Moncalvo,005069
Moncucco Torinese,005070
Mongardino,005071
Montabone,005072
Montafia,005073
Montaldo Scarampi,005074
Montechiaro d'Asti,005075
Montegrosso d'Asti,005076
Montemagno Monferrato,005077
Nizza Monferrato,005080
Olmo Gentile,005081
Passerano Marmorito,005082
Penango,005083
Piea,005084
Pino d'Asti,005085
Piovà Massaia,005086
Portacomaro,005087
Quaranti,005088
Refrancore,005089
Revigliasco d'Asti,005090
Roatto,005091
Robella,005092
Rocca d'Arazzo,005093
Roccaverano,005094
Rocchetta Palafea,005095
Rocchetta Tanaro,005096
San Damiano d'Asti,005097
San Giorgio Scarampi,005098
San Martino Alfieri,005099
San Marzano Oliveto,005100
San Paolo Solbrito,005101
Scurzolengo,005103
Serole,005104
Sessame,005105
Settime,005106
Soglio,005107
Tigliole,005108
Tonco,005109
Vaglio Serra,005111
Valfenera,005112
Vesime,005113
Viale,005114
Viarigi,005115
Vigliano d'Asti,005116
Villafranca d'Asti,005117
Villanova d'Asti,005118
Villa San Secondo,005119
Vinchio,005120
Montiglio Monferrato,005121
Moransengo-Tonengo,005122
Acqui Terme,006001
Albera Ligure,006002
Alessandria,006003
Alfiano Natta,006004
Alice Bel Colle,006005
Altavilla Monferrato,006007
Alzano Scrivia,006008
Arquata Scrivia,006009
Avolasca,006010
Balzola,006011
Basaluzzo,006012
Bassignana,006013
Belforte Monferrato,006014
Bergamasco,006015
Berzano di Tortona,006016
Bistagno,006017
Borghetto di Borbera,006018
Borgoratto Alessandrino,006019
Borgo San Martino,006020
Bosco Marengo,006021
Bosio,006022
Bozzole,006023
Brignano-Frascata,006024
Cabella Ligure,006025
Camagna Monferrato,006026
Camino,006027
Cantalupo Ligure,006028
Capriata d'Orba,006029
Carbonara Scrivia,006030
Carentino,006031
Carezzano,006032
Carpeneto,006033
Carrega Ligure,006034
Carrosio,006035
Cartosio,006036
Casal Cermelli,006037
Casaleggio Boiro,006038
Casale Monferrato,006039
Casalnoceto,006040
Casasco,006041
Cassine,006043
Cassinelle,006044
Castellania Coppi,006045
Castellar Guidobono,006046
Castellazzo Bormida,006047
Castelletto d'Erro,006048
Castelletto d'Orba,006049
Castelletto Merli,006050
Castelletto Monferrato,006051
Castelnuovo Bormida,006052
Castelnuovo Scrivia,006053
Castelspina,006054
Cavatore,006055
Cella Monte,006056
Cereseto,006057
Cerreto Grue,006058
Cerrina Monferrato,006059
Coniolo,006060
Conzano,006061
Costa Vescovato,006062
Cremolino,006063
Denice,006065
Dernice,006066
Fabbrica Curone,006067
Felizzano,006068
Fraconalto,006069
Francavilla Bisio,006070
Frascaro,006071
Frassinello Monferrato,006072
Frassineto Po,006073
Fresonara,006074
Frugarolo,006075
Fubine Monferrato,006076
Gabiano,006077
Gamalero,006078
Garbagna,006079
Gavi,006081
Giarole,006082
Gremiasco,006083
Grognardo,006084
Grondona,006085
Guazzora,006086
Isola Sant'Antonio,006087
Lerma,006088
Malvicino,006090
Masio,006091
Melazzo,006092
Merana,006093
Mirabello Monferrato,006094
Molare,006095
Molino dei Torti,006096
Mombello Monferrato,006097
Momperone,006098
Moncestino,006099
Mongiardino Ligure,006100
Monleale,006101
Montacuto,006102
Montaldeo,006103
Montaldo Bormida,006104
Montecastello,006105
Montechiaro d'Acqui,006106
Montegioco,006107
Montemarzino,006108
Morano sul Po,006109
Morbello,006110
Mornese,006111
Morsasco,006112
Murisengo Monferrato,006113
Novi Ligure,006114
Occimiano,006115
Odalengo Grande,006116
Odalengo Piccolo,006117
Olivola,006118
Orsara Bormida,006119
Ottiglio,006120
Ovada,006121
Oviglio,006122
Ozzano Monferrato,006123
Paderna,006124
Pareto,006125
Parodi Ligure,006126
Pasturana,006127
Pecetto di Valenza,006128
Pietra Marazzi,006129
Pomaro Monferrato,006131
Pontecurone,006132
Pontestura,006133
Ponti,006134
Ponzano Monferrato,006135
Ponzone,006136
Pozzol Groppo,006137
Pozzolo Formigaro,006138
Prasco,006139
Predosa,006140
Quargnento,006141
Quattordio,006142
Ricaldone,006143
Rivalta Bormida,006144
Rivarone,006145
Roccaforte Ligure,006146
Rocca Grimalda,006147
Rocchetta Ligure,006148
Rosignano Monferrato,006149
Sala Monferrato,006150
Sale,006151
San Cristoforo,006152
San Giorgio Monferrato,006153
San Salvatore Monferrato,006154
San Sebastiano Curone,006155
Sant'Agata Fossili,006156
Sardigliano,006157
Sarezzano,006158
Serralunga di Crea,006159
Serravalle Scrivia,006160
Sezzadio,006161
Silvano d'Orba,006162
Solero,006163
Solonghello,006164
Spigno Monferrato,006165
Spineto Scrivia,006166
Stazzano,006167
Strevi,006168
Tagliolo Monferrato,006169
Tassarolo,006170
Terruggia,006171
Terzo,006172
Ticineto,006173
Tortona,006174
Treville,006175
Trisobbio,006176
Valenza,006177
Valmacca,006178
Vignale Monferrato,006179
Vignole Borbera,006180
Viguzzolo,006181
Villadeati,006182
Villalvernia,006183
Villamiroglio,006184
Villanova Monferrato,006185
Villaromagnano,006186
Visone,006187
Volpedo,006188
Volpeglino,006189
Voltaggio,006190
Cassano Spinola,006191
Alluvioni Piovera,006192
Lu e Cuccaro Monferrato,006193
Allein,007001
Antey-Saint-André,007002
Aosta,007003
Arnad,007004
Arvier,007005
Avise,007006
Ayas,007007
Aymavilles,007008
Bard,007009
Bionaz,007010
Brissogne,007011
Brusson,007012
Challand-Saint-Anselme,007013
Challand-Saint-Victor,007014
Chambave,007015
Chamois,007016
Champdepraz,007017
Champorcher,007018
Charvensod,007019
Châtillon,007020
Cogne,007021
Courmayeur,007022
Donnas,007023
Doues,007024
Emarèse,007025
Etroubles,007026
Fénis,007027
Fontainemore,007028
Gaby,007029
Gignod,007030
Gressan,007031
Gressoney-La-Trinité,007032
Gressoney-Saint-Jean,007033
Hône,007034
Introd,007035
Issime,007036
Issogne,007037
Jovençan,007038
La Magdeleine,007039
La Salle,007040
La Thuile,007041
Lillianes,007042
Montjovet,007043
Morgex,007044
Nus,007045
Ollomont,007046
Oyace,007047
Perloz,007048
Pollein,007049
Pontboset,007050
Pontey,007051
Pont-Saint-Martin,007052
Pré-Saint-Didier,007053
Quart,007054
Rhêmes-Notre-Dame,007055
Rhêmes-Saint-Georges,007056
Roisan,007057
Saint-Christophe,007058
Saint-Denis,007059
Saint-Marcel,007060
Saint-Nicolas,007061
Saint-Oyen,007062
Saint-Pierre,007063
Saint-Rhémy-en-Bosses,007064
Saint-Vincent,007065
Sarre,007066
Torgnon,007067
Valgrisenche,007068
Valpelline,007069
Valsavarenche,007070
Valtournenche,007071
Verrayes,007072
Verrès,007073
Villeneuve,007074
Airole,008001
Apricale,008002
Aquila d'Arroscia,008003
Armo,008004
Aurigo,008005
Badalucco,008006
Bajardo,008007
Bordighera,008008
Borghetto d'Arroscia,008009
Borgomaro,008010
Camporosso,008011
Caravonica,008012
Castellaro,008014
Castel Vittorio,008015
Ceriana,008016
Cervo,008017
Cesio,008018
Chiusanico,008019
Chiusavecchia,008020
Cipressa,008021
Civezza,008022
Cosio d'Arroscia,008023
Costarainera,008024
Diano Arentino,008025
Diano Castello,008026
Diano Marina,008027
Diano San Pietro,008028
Dolceacqua,008029
Dolcedo,008030
Imperia,008031
Isolabona,008032
Lucinasco,008033
Mendatica,008034
Molini di Triora,008035
Montegrosso Pian Latte,008037
Olivetta San Michele,008038
Ospedaletti,008039
Perinaldo,008040
Pietrabruna,008041
Pieve di Teco,008042
Pigna,008043
Pompeiana,008044
Pontedassio,008045
Pornassio,008046
Prelà,008047
Ranzo,008048
Rezzo,008049
Riva Ligure,008050
Rocchetta Nervina,008051
San Bartolomeo al Mare,008052
San Biagio della Cima,008053
San Lorenzo al Mare,008054
Sanremo,008055
Santo Stefano al Mare,008056
Seborga,008057
Soldano,008058
Taggia,008059
Terzorio,008060
Triora,008061
Vallebona,008062
Vallecrosia,008063
Vasia,008064
Ventimiglia,008065
Vessalico,008066
Villa Faraldi,008067
Montalto Carpasio,008068
Alassio,009001
Albenga,009002
Albissola Marina,009003
Albisola Superiore,009004
Altare,009005
Andora,009006
Arnasco,009007
Balestrino,009008
Bardineto,009009
Bergeggi,009010
Boissano,009011
Borghetto Santo Spirito,009012
Borgio Verezzi,009013
Bormida,009014
Cairo Montenotte,009015
Calice Ligure,009016
Calizzano,009017
Carcare,009018
Casanova Lerrone,009019
Castelbianco,009020
Castelvecchio di Rocca Barbena,009021
Celle Ligure,009022
Cengio,009023
Ceriale,009024
Cisano sul Neva,009025
Cosseria,009026
Dego,009027
Erli,009028
Finale Ligure,009029
Garlenda,009030
Giustenice,009031
Giusvalla,009032
Laigueglia,009033
Loano,009034
Magliolo,009035
Mallare,009036
Massimino,009037
Millesimo,009038
Mioglia,009039
Murialdo,009040
Nasino,009041
Noli,009042
Onzo,009043
Orco Feglino,009044
Ortovero,009045
Osiglia,009046
Pallare,009047
Piana Crixia,009048
Pietra Ligure,009049
Plodio,009050
Pontinvrea,009051
Quiliano,009052
Rialto,009053
Roccavignale,009054
Sassello,009055
Savona,009056
Spotorno,009057
Stella,009058
Stellanello,009059
Testico,009060
Toirano,009061
Tovo San Giacomo,009062
Urbe,009063
Vado Ligure,009064
Varazze,009065
Vendone,009066
Vezzi Portio,009067
Villanova d'Albenga,009068
Zuccarello,009069
Arenzano,010001
Avegno,010002
Bargagli,010003
Bogliasco,010004
Borzonasca,010005
Busalla,010006
Camogli,010007
Campo Ligure,010008
Campomorone,010009
Carasco,010010
Casarza Ligure,010011
Casella,010012
Castiglione Chiavarese,010013
Ceranesi,010014
Chiavari,010015
Cicagna,010016
Cogoleto,010017
Cogorno,010018
Coreglia Ligure,010019
Crocefieschi,010020
Davagna,010021
Fascia,010022
Favale di Malvaro,010023
Fontanigorda,010024
Genova,010025
Gorreto,010026
Isola del Cantone,010027
Lavagna,010028
Leivi,010029
Lorsica,010030
Lumarzo,010031
Masone,010032
Mele,010033
Mezzanego,010034
Mignanego,010035
Moconesi,010036
Moneglia,010037
Montebruno,010038
Montoggio,010039
Ne,010040
Neirone,010041
Orero,010042
Pieve Ligure,010043
Portofino,010044
Propata,010045
Rapallo,010046
Recco,010047
Rezzoaglio,010048
Ronco Scrivia,010049
Rondanina,010050
Rossiglione,010051
Rovegno,010052
San Colombano Certenoli,010053
Santa Margherita Ligure,010054
Sant'Olcese,010055
Santo Stefano d'Aveto,010056
Savignone,010057
Serra Riccò,010058
Sestri Levante,010059
Sori,010060
Tiglieto,010061
Torriglia,010062
Tribogna,010063
Uscio,010064
Valbrevenna,010065
Vobbia,010066
Zoagli,010067
Ameglia,011001
Arcola,011002
Beverino,011003
Bolano,011004
Bonassola,011005
Borghetto di Vara,011006
Brugnato,011007
Calice al Cornoviglio,011008
Carro,011009
Carrodano,011010
Castelnuovo Magra,011011
Deiva Marina,011012
Follo,011013
Framura,011014
La Spezia,011015
Lerici,011016
Levanto,011017
Maissana,011018
Monterosso al Mare,011019
Luni,011020
Pignone,011021
Portovenere,011022
Riccò del Golfo di Spezia,011023
Riomaggiore,011024
Rocchetta di Vara,011025
Santo Stefano di Magra,011026
Sarzana,011027
Sesta Godano,011028
Varese Ligure,011029
Vernazza,011030
Vezzano Ligure,011031
Zignago,011032
Agra,012001
Albizzate,012002
Angera,012003
Arcisate,012004
Arsago Seprio,012005
Azzate,012006
Azzio,012007
Barasso,012008
Bedero Valcuvia,012010
Besano,012011
Besnate,012012
Besozzo,012013
Biandronno,012014
Bisuschio,012015
Bodio Lomnago,012016
Brebbia,012017
Brenta,012019
Brezzo di Bedero,012020
Brinzio,012021
Brissago-Valtravaglia,012022
Brunello,012023
Brusimpiano,012024
Buguggiate,012025
Busto Arsizio,012026
Cadegliano-Viconago,012027
Cairate,012029
Cantello,012030
Caravate,012031
Cardano al Campo,012032
Carnago,012033
Caronno Pertusella,012034
Caronno Varesino,012035
Casale Litta,012036
Casalzuigno,012037
Casciago,012038
Casorate Sempione,012039
Cassano Magnago,012040
Cassano Valcuvia,012041
Castellanza,012042
Castello Cabiaglio,012043
Castelseprio,012044
Castelveccana,012045
Castiglione Olona,012046
Castronno,012047
Cavaria con Premezzo,012048
Cazzago Brabbia,012049
Cislago,012050
Cittiglio,012051
Clivio,012052
Cocquio-Trevisago,012053
Comabbio,012054
Comerio,012055
Cremenaga,012056
Crosio della Valle,012057
Cuasso al Monte,012058
Cugliate-Fabiasco,012059
Cunardo,012060
Curiglia con Monteviasco,012061
Cuveglio,012062
Cuvio,012063
Daverio,012064
Dumenza,012065
Duno,012066
Fagnano Olona,012067
Ferno,012068
Ferrera di Varese,012069
Gallarate,012070
Galliate Lombardo,012071
Gavirate,012072
Gazzada Schianno,012073
Gemonio,012074
Gerenzano,012075
Germignaga,012076
Golasecca,012077
Gorla Maggiore,012078
Gorla Minore,012079
Gornate Olona,012080
Grantola,012081
Inarzo,012082
Induno Olona,012083
Ispra,012084
Jerago con Orago,012085
Lavena Ponte Tresa,012086
Laveno-Mombello,012087
Leggiuno,012088
Lonate Ceppino,012089
Lonate Pozzolo,012090
Lozza,012091
Luino,012092
Luvinate,012093
Malnate,012096
Marchirolo,012097
Marnate,012098
Marzio,012099
Masciago Primo,012100
Mercallo,012101
Mesenzana,012102
Montegrino Valtravaglia,012103
Monvalle,012104
Morazzone,012105
Mornago,012106
Oggiona con Santo Stefano,012107
Olgiate Olona,012108
Origgio,012109
Orino,012110
Porto Ceresio,012113
Porto Valtravaglia,012114
Rancio Valcuvia,012115
Ranco,012116
Saltrio,012117
Samarate,012118
Saronno,012119
Sesto Calende,012120
Solbiate Arno,012121
Solbiate Olona,012122
Somma Lombardo,012123
Sumirago,012124
Taino,012125
Ternate,012126
Tradate,012127
Travedona-Monate,012128
Tronzano Lago Maggiore,012129
Uboldo,012130
Valganna,012131
Varano Borghi,012132
Varese,012133
Vedano Olona,012134
Venegono Inferiore,012136
Venegono Superiore,012137
Vergiate,012138
Viggiù,012139
Vizzola Ticino,012140
Sangiano,012141
Maccagno con Pino e Veddasca,012142
Cadrezzate con Osmate,012143
Bardello con Malgesso e Bregano,012144
Albavilla,013003
Albese con Cassano,013004
Albiolo,013005
Alserio,013006
Alzate Brianza,013007
Anzano del Parco,013009
Appiano Gentile,013010
Argegno,013011
Arosio,013012
Asso,013013
Barni,013015
Bene Lario,013021
Beregazzo con Figliaro,013022
Binago,013023
Bizzarone,013024
Blessagno,013025
Blevio,013026
Bregnano,013028
Brenna,013029
Brienno,013030
Brunate,013032
Bulgarograsso,013034
Cabiate,013035
Cadorago,013036
Caglio,013037
Campione d'Italia,013040
Cantù,013041
Canzo,013042
Capiago Intimiano,013043
Carate Urio,013044
Carbonate,013045
Carimate,013046
Carlazzo,013047
Carugo,013048
Caslino d'Erba,013052
Casnate con Bernate,013053
Cassina Rizzardi,013055
Castelmarte,013058
Castelnuovo Bozzente,013059
Cavargna,013062
Cerano d'Intelvi,013063
Cermenate,013064
Cernobbio,013065
Cirimido,013068
Claino con Osteno,013071
Colonno,013074
Como,013075
Corrido,013077
Cremia,013083
Cucciago,013084
Cusino,013085
Dizzasco,013087
Domaso,013089
Dongo,013090
Dosso del Liro,013092
Erba,013095
Eupilio,013097
Faggeto Lario,013098
Faloppio,013099
Fenegrò,013100
Figino Serenza,013101
Fino Mornasco,013102
Garzeno,013106
Gera Lario,013107
Grandate,013110
Grandola ed Uniti,013111
Griante,013113
Guanzate,013114
Inverigo,013118
Laglio,013119
Laino,013120
Lambrugo,013121
Lasnigo,013123
Lezzeno,013126
Limido Comasco,013128
Lipomo,013129
Livo,013130
Locate Varesino,013131
Lomazzo,013133
Longone al Segrino,013134
Luisago,013135
Lurago d'Erba,013136
Lurago Marinone,013137
Lurate Caccivio,013138
Magreglio,013139
Mariano Comense,013143
Maslianico,013144
Menaggio,013145
Merone,013147
Moltrasio,013152
Monguzzo,013153
Montano Lucino,013154
Montemezzo,013155
Montorfano,013157
Mozzate,013159
Musso,013160
Nesso,013161
Novedrate,013163
Olgiate Comasco,013165
Oltrona di San Mamette,013169
Orsenigo,013170
Peglio,013178
Pianello del Lario,013183
Pigra,013184
Plesio,013185
Pognana Lario,013186
Ponna,013187
Ponte Lambro,013188
Porlezza,013189
Proserpio,013192
Pusiano,013193
Rezzago,013195
Rodero,013197
Rovellasca,013201
Rovello Porro,013202
Sala Comacina,013203
San Bartolomeo Val Cavargna,013204
San Fermo della Battaglia,013206
San Nazzaro Val Cavargna,013207
Schignano,013211
Senna Comasco,013212
Sorico,013216
Sormano,013217
Stazzona,013218
Tavernerio,013222
Torno,013223
Trezzone,013226
Turate,013227
Valbrona,013229
Valmorea,013232
Val Rezzo,013233
Valsolda,013234
Veleso,013236
Veniano,013238
Vercana,013239
Vertemate con Minoprio,013242
Villa Guardia,013245
Zelbio,013246
San Siro,013248
Gravedona ed Uniti,013249
Bellagio,013250
Colverde,013251
Tremezzina,013252
Alta Valle Intelvi,013253
Centro Valle Intelvi,013254
Solbiate con Cagno,013255
Uggiate con Ronago,013256
Albaredo per San Marco,014001
Albosaggia,014002
Andalo Valtellino,014003
Aprica,014004
Ardenno,014005
Bema,014006
Berbenno di Valtellina,014007
Bianzone,014008
Bormio,014009
Buglio in Monte,014010
Caiolo,014011
Campodolcino,014012
Caspoggio,014013
Castello dell'Acqua,014014
Castione Andevenno,014015
Cedrasco,014016
Cercino,014017
Chiavenna,014018
Chiesa in Valmalenco,014019
Chiuro,014020
Cino,014021
Civo,014022
Colorina,014023
Cosio Valtellino,014024
Dazio,014025
Delebio,014026
Dubino,014027
Faedo Valtellino,014028
Forcola,014029
Fusine,014030
Gerola Alta,014031
Gordona,014032
Grosio,014033
Grosotto,014034
Madesimo,014035
Lanzada,014036
Livigno,014037
Lovero,014038
Mantello,014039
Mazzo di Valtellina,014040
Mello,014041
Mese,014043
Montagna in Valtellina,014044
Morbegno,014045
Novate Mezzola,014046
Pedesina,014047
Piantedo,014048
Piateda,014049
Piuro,014050
Poggiridenti,014051
Ponte in Valtellina,014052
Postalesio,014053
Prata Camportaccio,014054
Rasura,014055
Rogolo,014056
Samolaco,014057
San Giacomo Filippo,014058
Sernio,014059
Sondalo,014060
Sondrio,014061
Spriana,014062
Talamona,014063
Tartano,014064
Teglio,014065
Tirano,014066
Torre di Santa Maria,014067
Tovo di Sant'Agata,014068
Traona,014069
Tresivio,014070
Valdidentro,014071
Valdisotto,014072
Valfurva,014073
Val Masino,014074
Verceia,014075
Vervio,014076
Villa di Chiavenna,014077
Villa di Tirano,014078
Abbiategrasso,015002
Albairate,015005
Arconate,015007
Arese,015009
Arluno,015010
Assago,015011
Bareggio,015012
Basiano,015014
Basiglio,015015
Bellinzago Lombardo,015016
Bernate Ticino,015019
Besate,015022
Binasco,015024
Boffalora sopra Ticino,015026
Bollate,015027
Bresso,015032
Bubbiano,015035
Buccinasco,015036
Buscate,015038
Bussero,015040
Busto Garolfo,015041
Calvignasco,015042
Cambiago,015044
Canegrate,015046
Carpiano,015050
Carugate,015051
Casarile,015055
Casorezzo,015058
Cassano d'Adda,015059
Cassina de' Pecchi,015060
Cassinetta di Lugagnano,015061
Castano Primo,015062
Cernusco sul Naviglio,015070
Cerro al Lambro,015071
Cerro Maggiore,015072
Cesano Boscone,015074
Cesate,015076
Cinisello Balsamo,015077
Cisliano,015078
Cologno Monzese,015081
Colturano,015082
Corbetta,015085
Cormano,015086
Cornaredo,015087
Corsico,015093
Cuggiono,015096
Cusago,015097
Cusano Milanino,015098
Dairago,015099
Dresano,015101
Gaggiano,015103
Garbagnate Milanese,015105
Gessate,015106
Gorgonzola,015108
Grezzago,015110
Gudo Visconti,015112
Inveruno,015113
Inzago,015114
Lacchiarella,015115
Lainate,015116
Legnano,015118
Liscate,015122
Locate di Triulzi,015125
Magenta,015130
Magnago,015131
Marcallo con Casone,015134
Masate,015136
Mediglia,015139
Melegnano,015140
Melzo,015142
Mesero,015144
Milano,015146
Morimondo,015150
Motta Visconti,015151
Nerviano,015154
Nosate,015155
Novate Milanese,015157
Noviglio,015158
Opera,015159
Ossona,015164
Ozzero,015165
Paderno Dugnano,015166
Pantigliate,015167
Parabiago,015168
Paullo,015169
Pero,015170
Peschiera Borromeo,015171
Pessano con Bornago,015172
Pieve Emanuele,015173
Pioltello,015175
Pogliano Milanese,015176
Pozzo d'Adda,015177
Pozzuolo Martesana,015178
Pregnana Milanese,015179
Rescaldina,015181
Rho,015182
Robecchetto con Induno,015183
Robecco sul Naviglio,015184
Rodano,015185
Rosate,015188
Rozzano,015189
San Colombano al Lambro,015191
San Donato Milanese,015192
San Giorgio su Legnano,015194
San Giuliano Milanese,015195
Santo Stefano Ticino,015200
San Vittore Olona,015201
San Zenone al Lambro,015202
Sedriano,015204
Segrate,015205
Senago,015206
Sesto San Giovanni,015209
Settala,015210
Settimo Milanese,015211
Solaro,015213
Trezzano Rosa,015219
Trezzano sul Naviglio,015220
Trezzo sull'Adda,015221
Tribiano,015222
Truccazzano,015224
Turbigo,015226
Vanzago,015229
Vaprio d'Adda,015230
Vernate,015236
Vignate,015237
Vimodrone,015242
Vittuone,015243
Vizzolo Predabissi,015244
Zibido San Giacomo,015247
Villa Cortese,015248
Vanzaghello,015249
Baranzate,015250
Vermezzo con Zelo,015251
Adrara San Martino,016001
Adrara San Rocco,016002
Albano Sant'Alessandro,016003
Albino,016004
Almè,016005
Almenno San Bartolomeo,016006
Almenno San Salvatore,016007
Alzano Lombardo,016008
Ambivere,016009
Antegnate,016010
Arcene,016011
Ardesio,016012
Arzago d'Adda,016013
Averara,016014
Aviatico,016015
Azzano San Paolo,016016
Azzone,016017
Bagnatica,016018
Barbata,016019
Bariano,016020
Barzana,016021
Bedulita,016022
Berbenno,016023
Bergamo,016024
Berzo San Fermo,016025
Bianzano,016026
Blello,016027
Bolgare,016028
Boltiere,016029
Bonate Sopra,016030
Bonate Sotto,016031
Borgo di Terzo,016032
Bossico,016033
Bottanuco,016034
Bracca,016035
Branzi,016036
Brembate,016037
Brembate di Sopra,016038
Brignano Gera d'Adda,016040
Brumano,016041
Brusaporto,016042
Calcinate,016043
Calcio,016044
Calusco d'Adda,016046
Calvenzano,016047
Camerata Cornello,016048
Canonica d'Adda,016049
Capizzone,016050
Capriate San Gervasio,016051
Caprino Bergamasco,016052
Caravaggio,016053
Carobbio degli Angeli,016055
Carona,016056
Carvico,016057
Casazza,016058
Casirate d'Adda,016059
Casnigo,016060
Cassiglio,016061
Castelli Calepio,016062
Castel Rozzone,016063
Castione della Presolana,016064
Castro,016065
Cavernago,016066
Cazzano Sant'Andrea,016067
Cenate Sopra,016068
Cenate Sotto,016069
Cene,016070
Cerete,016071
Chignolo d'Isola,016072
Chiuduno,016073
Cisano Bergamasco,016074
Ciserano,016075
Cividate al Piano,016076
Clusone,016077
Colere,016078
Cologno al Serio,016079
Colzate,016080
Comun Nuovo,016081
Corna Imagna,016082
Cortenuova,016083
Costa di Mezzate,016084
Costa Valle Imagna,016085
Costa Volpino,016086
Covo,016087
Credaro,016088
Curno,016089
Cusio,016090
Dalmine,016091
Dossena,016092
Endine Gaiano,016093
Entratico,016094
Fara Gera d'Adda,016096
Fara Olivana con Sola,016097
Filago,016098
Fino del Monte,016099
Fiorano al Serio,016100
Fontanella,016101
Fonteno,016102
Foppolo,016103
Foresto Sparso,016104
Fornovo San Giovanni,016105
Fuipiano Valle Imagna,016106
Gandellino,016107
Gandino,016108
Gandosso,016109
Gaverina Terme,016110
Gazzaniga,016111
Ghisalba,016113
Gorlago,016114
Gorle,016115
Gorno,016116
Grassobbio,016117
Gromo,016118
Grone,016119
Grumello del Monte,016120
Isola di Fondra,016121
Isso,016122
Lallio,016123
Leffe,016124
Lenna,016125
Levate,016126
Locatello,016127
Lovere,016128
Lurano,016129
Luzzana,016130
Madone,016131
Mapello,016132
Martinengo,016133
Mezzoldo,016134
Misano di Gera d'Adda,016135
Moio de' Calvi,016136
Monasterolo del Castello,016137
Montello,016139
Morengo,016140
Mornico al Serio,016141
Mozzanica,016142
Mozzo,016143
Nembro,016144
Olmo al Brembo,016145
Oltre il Colle,016146
Oltressenda Alta,016147
Oneta,016148
Onore,016149
Orio al Serio,016150
Ornica,016151
Osio Sopra,016152
Osio Sotto,016153
Pagazzano,016154
Paladina,016155
Palazzago,016156
Palosco,016157
Parre,016158
Parzanica,016159
Pedrengo,016160
Peia,016161
Pianico,016162
Piario,016163
Piazza Brembana,016164
Piazzatorre,016165
Piazzolo,016166
Pognano,016167
Ponte Nossa,016168
Ponteranica,016169
Ponte San Pietro,016170
Pontida,016171
Pontirolo Nuovo,016172
Pradalunga,016173
Predore,016174
Premolo,016175
Presezzo,016176
Pumenengo,016177
Ranica,016178
Ranzanico,016179
Riva di Solto,016180
Rogno,016182
Romano di Lombardia,016183
Roncobello,016184
Roncola,016185
Rota d'Imagna,016186
Rovetta,016187
San Giovanni Bianco,016188
San Paolo d'Argon,016189
San Pellegrino Terme,016190
Santa Brigida,016191
Sarnico,016193
Scanzorosciate,016194
Schilpario,016195
Sedrina,016196
Selvino,016197
Seriate,016198
Serina,016199
Solto Collina,016200
Songavazzo,016201
Sorisole,016202
Sotto il Monte Giovanni XXIII,016203
Sovere,016204
Spinone al Lago,016205
Spirano,016206
Stezzano,016207
Strozza,016208
Suisio,016209
Taleggio,016210
Tavernola Bergamasca,016211
Telgate,016212
Terno d'Isola,016213
Torre Boldone,016214
Torre de' Busi,016215
Torre de' Roveri,016216
Torre Pallavicina,016217
Trescore Balneario,016218
Treviglio,016219
Treviolo,016220
Ubiale Clanezzo,016221
Urgnano,016222
Valbondione,016223
Valbrembo,016224
Valgoglio,016225
Valleve,016226
Valnegra,016227
Valtorta,016229
Vedeseta,016230
Verdellino,016232
Verdello,016233
Vertova,016234
Viadanica,016235
Vigano San Martino,016236
Vigolo,016237
Villa d'Adda,016238
Villa d'Almè,016239
Villa di Serio,016240
Villa d'Ogna,016241
Villongo,016242
Vilminore di Scalve,016243
Zandobbio,016244
Zanica,016245
Zogno,016246
Costa Serina,016247
Algua,016248
Cornalba,016249
Medolago,016250
Solza,016251
Sant'Omobono Terme,016252
Val Brembilla,016253
Acquafredda,017001
Adro,017002
Agnosine,017003
Alfianello,017004
Anfo,017005
Angolo Terme,017006
Artogne,017007
Azzano Mella,017008
Bagnolo Mella,017009
Bagolino,017010
Barbariga,017011
Barghe,017012
Bassano Bresciano,017013
Bedizzole,017014
Berlingo,017015
Berzo Demo,017016
Berzo Inferiore,017017
Bienno,017018
Bione,017019
Borgo San Giacomo,017020
Borgosatollo,017021
Borno,017022
Botticino,017023
Bovegno,017024
Bovezzo,017025
Brandico,017026
Braone,017027
Breno,017028
Brescia,017029
Brione,017030
Caino,017031
Calcinato,017032
Calvagese della Riviera,017033
Calvisano,017034
Capo di Ponte,017035
Capovalle,017036
Capriano del Colle,017037
Capriolo,017038
Carpenedolo,017039
Castegnato,017040
Castelcovati,017041
Castel Mella,017042
Castenedolo,017043
Casto,017044
Castrezzato,017045
Cazzago San Martino,017046
Cedegolo,017047
Cellatica,017048
Cerveno,017049
Ceto,017050
Cevo,017051
Chiari,017052
Cigole,017053
Cimbergo,017054
Cividate Camuno,017055
Coccaglio,017056
Collebeato,017057
Collio,017058
Cologne,017059
Comezzano-Cizzago,017060
Concesio,017061
Corte Franca,017062
Corteno Golgi,017063
Corzano,017064
Darfo Boario Terme,017065
Dello,017066
Desenzano del Garda,017067
Edolo,017068
Erbusco,017069
Esine,017070
Fiesse,017071
Flero,017072
Gambara,017073
Gardone Riviera,017074
Gardone Val Trompia,017075
Gargnano,017076
Gavardo,017077
Ghedi,017078
Gianico,017079
Gottolengo,017080
Gussago,017081
Idro,017082
Incudine,017083
Irma,017084
Iseo,017085
Isorella,017086
Lavenone,017087
Leno,017088
Limone sul Garda,017089
Lodrino,017090
Lograto,017091
Lonato del Garda,017092
Longhena,017093
Losine,017094
Lozio,017095
Lumezzane,017096
Maclodio,017097
Magasa,017098
Mairano,017099
Malegno,017100
Malonno,017101
Manerba del Garda,017102
Manerbio,017103
Marcheno,017104
Marmentino,017105
Marone,017106
Mazzano,017107
Milzano,017108
Moniga del Garda,017109
Monno,017110
Monte Isola,017111
Monticelli Brusati,017112
Montichiari,017113
Montirone,017114
Mura,017115
Muscoline,017116
Nave,017117
Niardo,017118
Nuvolento,017119
Nuvolera,017120
Odolo,017121
Offlaga,017122
Ome,017123
Ono San Pietro,017124
Orzinuovi,017125
Orzivecchi,017126
Ospitaletto,017127
Ossimo,017128
Padenghe sul Garda,017129
Paderno Franciacorta,017130
Paisco Loveno,017131
Paitone,017132
Palazzolo sull'Oglio,017133
Paratico,017134
Paspardo,017135
Passirano,017136
Pavone del Mella,017137
San Paolo,017138
Pertica Alta,017139
Pertica Bassa,017140
Pezzaze,017141
Pian Camuno,017142
Pisogne,017143
Polaveno,017144
Polpenazze del Garda,017145
Pompiano,017146
Poncarale,017147
Ponte di Legno,017148
Pontevico,017149
Pontoglio,017150
Pozzolengo,017151
Pralboino,017152
Preseglie,017153
Prevalle,017155
Provaglio d'Iseo,017156
Provaglio Val Sabbia,017157
Puegnago del Garda,017158
Quinzano d'Oglio,017159
Remedello,017160
Rezzato,017161
Roccafranca,017162
Rodengo Saiano,017163
Roè Volciano,017164
Roncadelle,017165
Rovato,017166
Rudiano,017167
Sabbio Chiese,017168
Sale Marasino,017169
Salò,017170
San Felice del Benaco,017171
San Gervasio Bresciano,017172
San Zeno Naviglio,017173
Sarezzo,017174
Saviore dell'Adamello,017175
Sellero,017176
Seniga,017177
Serle,017178
Sirmione,017179
Soiano del Lago,017180
Sonico,017181
Sulzano,017182
Tavernole sul Mella,017183
Temù,017184
Tignale,017185
Torbole Casaglia,017186
Toscolano-Maderno,017187
Travagliato,017188
Tremosine sul Garda,017189
Trenzano,017190
Treviso Bresciano,017191
Urago d'Oglio,017192
Vallio Terme,017193
Valvestino,017194
Verolanuova,017195
Verolavecchia,017196
Vestone,017197
Vezza d'Oglio,017198
Villa Carcina,017199
Villachiara,017200
Villanuova sul Clisi,017201
Vione,017202
Visano,017203
Vobarno,017204
Zone,017205
Piancogno,017206
Alagna,018001
Albonese,018003
Albuzzano,018004
Arena Po,018005
Badia Pavese,018006
Bagnaria,018007
Barbianello,018008
Bascapè,018009
Bastida Pancarana,018011
Battuda,018012
Belgioioso,018013
Bereguardo,018014
Borgarello,018015
Borgo Priolo,018016
Borgoratto Mormorolo,018017
Borgo San Siro,018018
Bornasco,018019
Bosnasco,018020
Brallo di Pregola,018021
Breme,018022
Bressana Bottarone,018023
Broni,018024
Calvignano,018025
Campospinoso Albaredo,018026
Candia Lomellina,018027
Canneto Pavese,018029
Carbonara al Ticino,018030
Casanova Lonati,018031
Casatisma,018032
Casei Gerola,018033
Casorate Primo,018034
Cassolnovo,018035
Castana,018036
Casteggio,018037
Castelletto di Branduzzo,018038
Castello d'Agogna,018039
Castelnovetto,018040
Cava Manara,018041
Cecima,018042
Ceranova,018043
Ceretto Lomellina,018044
Cergnago,018045
Certosa di Pavia,018046
Cervesina,018047
Chignolo Po,018048
Cigognola,018049
Cilavegna,018050
Codevilla,018051
Confienza,018052
Copiano,018053
Corana,018054
Corvino San Quirico,018057
Costa de' Nobili,018058
Cozzo,018059
Cura Carpignano,018060
Dorno,018061
Ferrera Erbognone,018062
Filighera,018063
Fortunago,018064
Frascarolo,018065
Galliavola,018066
Gambarana,018067
Gambolò,018068
Garlasco,018069
Gerenzago,018071
Giussago,018072
Godiasco Salice Terme,018073
Golferenzo,018074
Gravellona Lomellina,018075
Gropello Cairoli,018076
Inverno e Monteleone,018077
Landriano,018078
Langosco,018079
Lardirago,018080
Linarolo,018081
Lomello,018083
Lungavilla,018084
Magherno,018085
Marcignago,018086
Marzano,018087
Mede,018088
Menconico,018089
Mezzana Bigli,018090
Mezzana Rabattone,018091
Mezzanino,018092
Miradolo Terme,018093
Montalto Pavese,018094
Montebello della Battaglia,018095
Montecalvo Versiggia,018096
Montescano,018097
Montesegale,018098
Monticelli Pavese,018099
Montù Beccaria,018100
Mornico Losana,018101
Mortara,018102
Nicorvo,018103
Olevano di Lomellina,018104
Oliva Gessi,018105
Ottobiano,018106
Palestro,018107
Pancarana,018108
Parona,018109
Pavia,018110
Pietra de' Giorgi,018111
Pieve Albignola,018112
Pieve del Cairo,018113
Pieve Porto Morone,018114
Pinarolo Po,018115
Pizzale,018116
Ponte Nizza,018117
Portalbera,018118
Rea,018119
Redavalle,018120
Retorbido,018121
Rivanazzano Terme,018122
Robbio,018123
Robecco Pavese,018124
Rocca de' Giorgi,018125
Rocca Susella,018126
Rognano,018127
Romagnese,018128
Roncaro,018129
Rosasco,018130
Rovescala,018131
San Cipriano Po,018133
San Damiano al Colle,018134
San Genesio ed Uniti,018135
San Giorgio di Lomellina,018136
San Martino Siccomario,018137
Sannazzaro de' Burgondi,018138
Santa Cristina e Bissone,018139
Santa Giuletta,018140
Sant'Alessio con Vialone,018141
Santa Margherita di Staffora,018142
Santa Maria della Versa,018143
Sant'Angelo Lomellina,018144
San Zenone al Po,018145
Sartirana Lomellina,018146
Scaldasole,018147
Semiana,018148
Silvano Pietra,018149
Siziano,018150
Sommo,018151
Spessa,018152
Stradella,018153
Suardi,018154
Torrazza Coste,018155
Torre Beretti e Castellaro,018156
Torre d'Arese,018157
Torre de' Negri,018158
Torre d'Isola,018159
Torrevecchia Pia,018160
Torricella Verzate,018161
Travacò Siccomario,018162
Trivolzio,018163
Tromello,018164
Trovo,018165
Val di Nizza,018166
Valeggio,018167
Valle Lomellina,018168
Valle Salimbene,018169
Varzi,018171
Velezzo Lomellina,018172
Vellezzo Bellini,018173
Verretto,018174
Verrua Po,018175
Vidigulfo,018176
Vigevano,018177
Villa Biscossi,018178
Villanova d'Ardenghi,018179
Villanterio,018180
Vistarino,018181
Voghera,018182
Volpara,018183
Zavattarello,018184
Zeccone,018185
Zeme,018186
Zenevredo,018187
Zerbo,018188
Zerbolò,018189
Zinasco,018190
Cornale e Bastida,018191
Corteolona e Genzone,018192
Colli Verdi,018193
Acquanegra Cremonese,019001
Agnadello,019002
Annicco,019003
Azzanello,019004
Bagnolo Cremasco,019005
Bonemerse,019006
Bordolano,019007
Calvatone,019009
Camisano,019010
Campagnola Cremasca,019011
Capergnanica,019012
Cappella Cantone,019013
Cappella de' Picenardi,019014
Capralba,019015
Casalbuttano ed Uniti,019016
Casale Cremasco-Vidolasco,019017
Casaletto Ceredano,019018
Casaletto di Sopra,019019
Casaletto Vaprio,019020
Casalmaggiore,019021
Casalmorano,019022
Casteldidone,019023
Castel Gabbiano,019024
Castelleone,019025
Castelverde,019026
Castelvisconti,019027
Cella Dati,019028
Chieve,019029
Cicognolo,019030
Cingia de' Botti,019031
Corte de' Cortesi con Cignone,019032
Corte de' Frati,019033
Credera Rubbiano,019034
Crema,019035
Cremona,019036
Cremosano,019037
Crotta d'Adda,019038
Cumignano sul Naviglio,019039
Derovere,019040
Dovera,019041
Fiesco,019043
Formigara,019044
Gabbioneta-Binanuova,019045
Gadesco-Pieve Delmona,019046
Genivolta,019047
Gerre de' Caprioli,019048
Gombito,019049
Grontardo,019050
Grumello Cremonese ed Uniti,019051
Gussola,019052
Isola Dovarese,019053
Izano,019054
Madignano,019055
Malagnino,019056
Martignana di Po,019057
Monte Cremasco,019058
Montodine,019059
Moscazzano,019060
Motta Baluffi,019061
Offanengo,019062
Olmeneta,019063
Ostiano,019064
Paderno Ponchielli,019065
Palazzo Pignano,019066
Pandino,019067
Persico Dosimo,019068
Pescarolo ed Uniti,019069
Pessina Cremonese,019070
Pianengo,019072
Pieranica,019073
Pieve d'Olmi,019074
Pieve San Giacomo,019075
Pizzighettone,019076
Pozzaglio ed Uniti,019077
Quintano,019078
Ricengo,019079
Ripalta Arpina,019080
Ripalta Cremasca,019081
Ripalta Guerina,019082
Rivarolo del Re ed Uniti,019083
Rivolta d'Adda,019084
Robecco d'Oglio,019085
Romanengo,019086
Salvirola,019087
San Bassano,019088
San Daniele Po,019089
San Giovanni in Croce,019090
San Martino del Lago,019091
Scandolara Ravara,019092
Scandolara Ripa d'Oglio,019093
Sergnano,019094
Sesto ed Uniti,019095
Solarolo Rainerio,019096
Soncino,019097
Soresina,019098
Sospiro,019099
Spinadesco,019100
Spineda,019101
Spino d'Adda,019102
Stagno Lombardo,019103
Ticengo,019104
Torlino Vimercati,019105
Tornata,019106
Torre de' Picenardi,019107
Torricella del Pizzo,019108
Trescore Cremasco,019109
Trigolo,019110
Vaiano Cremasco,019111
Vailate,019112
Vescovato,019113
Volongo,019114
Voltido,019115
Piadena Drizzona,019116
Acquanegra sul Chiese,020001
Asola,020002
Bagnolo San Vito,020003
Bozzolo,020007
Canneto sull'Oglio,020008
Casalmoro,020010
Casaloldo,020011
Casalromano,020012
Castelbelforte,020013
Castel d'Ario,020014
Castel Goffredo,020015
Castellucchio,020016
Castiglione delle Stiviere,020017
Cavriana,020018
Ceresara,020019
Commessaggio,020020
Curtatone,020021
Dosolo,020022
Gazoldo degli Ippoliti,020024
Gazzuolo,020025
Goito,020026
Gonzaga,020027
Guidizzolo,020028
Magnacavallo,020029
Mantova,020030
Marcaria,020031
Mariana Mantovana,020032
Marmirolo,020033
Medole,020034
Moglia,020035
Monzambano,020036
Motteggiana,020037
Ostiglia,020038
Pegognaga,020039
Piubega,020041
Poggio Rusco,020042
Pomponesco,020043
Ponti sul Mincio,020044
Porto Mantovano,020045
Quingentole,020046
Quistello,020047
Redondesco,020048
Rivarolo Mantovano,020050
Rodigo,020051
Roncoferraro,020052
Roverbella,020053
Sabbioneta,020054
San Benedetto Po,020055
San Giacomo delle Segnate,020056
San Giorgio Bigarello,020057
San Giovanni del Dosso,020058
San Martino dall'Argine,020059
Schivenoglia,020060
Sermide e Felonica,020061
Serravalle a Po,020062
Solferino,020063
Sustinente,020064
Suzzara,020065
Viadana,020066
Villimpenta,020068
Volta Mantovana,020070
Borgo Virgilio,020071
Borgo Mantovano,020072
Borgocarbonara,020073
Aldino,021001
Andriano,021002
Anterivo,021003
Appiano sulla strada del vino,021004
Avelengo,021005
Badia,021006
Barbiano,021007
Bolzano,021008
Braies,021009
Brennero,021010
Bressanone,021011
Bronzolo,021012
Brunico,021013
Caines,021014
Caldaro sulla strada del vino,021015
Campo di Trens,021016
Campo Tures,021017
Castelbello-Ciardes,021018
Castelrotto,021019
Cermes,021020
Chienes,021021
Chiusa,021022
Cornedo all'Isarco,021023
Cortaccia sulla strada del vino,021024
Cortina sulla strada del vino,021025
Corvara in Badia,021026
Curon Venosta,021027
Dobbiaco,021028
Egna,021029
Falzes,021030
Fiè allo Sciliar,021031
Fortezza,021032
Funes,021033
Gais,021034
Gargazzone,021035
Glorenza,021036
Laces,021037
Lagundo,021038
Laion,021039
Laives,021040
Lana,021041
Lasa,021042
Lauregno,021043
Luson,021044
Magrè sulla strada del vino,021045
Malles Venosta,021046
Marebbe,021047
Marlengo,021048
Martello,021049
Meltina,021050
Merano,021051
Monguelfo-Tesido,021052
Montagna sulla strada del vino,021053
Moso in Passiria,021054
Nalles,021055
Naturno,021056
Naz-Sciaves,021057
Nova Levante,021058
Nova Ponente,021059
Ora,021060
Ortisei,021061
Parcines,021062
Perca,021063
Plaus,021064
Ponte Gardena,021065
Postal,021066
Prato allo Stelvio,021067
Predoi,021068
Proves,021069
Racines,021070
Rasun-Anterselva,021071
Renon,021072
Rifiano,021073
Rio di Pusteria,021074
Rodengo,021075
Salorno sulla strada del vino,021076
San Candido,021077
San Genesio Atesino,021079
San Leonardo in Passiria,021080
San Lorenzo di Sebato,021081
San Martino in Badia,021082
San Martino in Passiria,021083
San Pancrazio,021084
Santa Cristina Valgardena,021085
Sarentino,021086
Scena,021087
Selva dei Molini,021088
Selva di Val Gardena,021089
Senales,021091
Sesto,021092
Silandro,021093
Sluderno,021094
Stelvio,021095
Terento,021096
Terlano,021097
Termeno sulla strada del vino,021098
Tesimo,021099
Tires,021100
Tirolo,021101
Trodena nel parco naturale,021102
Tubre,021103
Ultimo,021104
Vadena,021105
Valdaora,021106
Val di Vizze,021107
Valle Aurina,021108
Valle di Casies,021109
Vandoies,021110
Varna,021111
Verano,021112
Villabassa,021113
Villandro,021114
Vipiteno,021115
Velturno,021116
La Valle,021117
Senale-San Felice,021118
Ala,022001
Albiano,022002
Aldeno,022003
Andalo,022005
Arco,022006
Avio,022007
Baselga di Pinè,022009
Bedollo,022011
Besenello,022013
Bieno,022015
Bleggio Superiore,022017
Bocenago,022018
Bondone,022021
Borgo Valsugana,022022
Brentonico,022025
Bresimo,022026
Caderzone Terme,022029
Calceranica al Lago,022032
Caldes,022033
Caldonazzo,022034
Calliano,022035
Campitello di Fassa,022036
Campodenno,022037
Canal San Bovo,022038
Canazei,022039
Capriana,022040
Carisolo,022042
Carzano,022043
Castel Condino,022045
Castello-Molina di Fiemme,022047
Castello Tesino,022048
Castelnuovo,022049
Cavalese,022050
Cavareno,022051
Cavedago,022052
Cavedine,022053
Cavizzana,022054
Cimone,022058
Cinte Tesino,022059
Cis,022060
Civezzano,022061
Cles,022062
Commezzadura,022064
Croviana,022068
Dambel,022071
Denno,022074
Drena,022078
Dro,022079
Fai della Paganella,022081
Fiavè,022083
Fierozzo,022085
Folgaria,022087
Fornace,022089
Frassilongo,022090
Garniga Terme,022091
Giovo,022092
Giustino,022093
Grigno,022095
Imer,022097
Isera,022098
Lavarone,022102
Lavis,022103
Levico Terme,022104
Livo,022106
Lona-Lases,022108
Luserna,022109
Malé,022110
Massimeno,022112
Mazzin,022113
Mezzana,022114
Mezzano,022115
Mezzocorona,022116
Mezzolombardo,022117
Moena,022118
Molveno,022120
Mori,022123
Nago-Torbole,022124
Nogaredo,022127
Nomi,022128
Novaledo,022129
Ospedaletto,022130
Ossana,022131
Palù del Fersina,022133
Panchià,022134
Ronzo-Chienis,022135
Peio,022136
Pellizzano,022137
Pelugo,022138
Pergine Valsugana,022139
Pieve Tesino,022142
Pinzolo,022143
Pomarolo,022144
Predazzo,022147
Rabbi,022150
Riva del Garda,022153
Romeno,022155
Roncegno Terme,022156
Ronchi Valsugana,022157
Ronzone,022159
Roverè della Luna,022160
Rovereto,022161
Ruffrè-Mendola,022162
Rumo,022163
Sagron Mis,022164
Samone,022165
San Michele all'Adige,022167
Sant'Orsola Terme,022168
Sanzeno,022169
Sarnonico,022170
Scurelle,022171
Segonzano,022172
Sfruz,022173
Soraga di Fassa,022176
Sover,022177
Spiazzo,022179
Spormaggiore,022180
Sporminore,022181
Stenico,022182
Storo,022183
Strembo,022184
Telve,022188
Telve di Sopra,022189
Tenna,022190
Tenno,022191
Terragnolo,022193
Terzolas,022195
Tesero,022196
Tione di Trento,022199
Ton,022200
Torcegno,022202
Trambileno,022203
Trento,022205
Valfloriana,022209
Vallarsa,022210
Vermiglio,022213
Vignola-Falesina,022216
Villa Lagarina,022222
Volano,022224
Ziano di Fiemme,022226
Comano Terme,022228
Ledro,022229
Predaia,022230
San Lorenzo Dorsino,022231
Valdaone,022232
Dimaro Folgarida,022233
Pieve di Bono-Prezzo,022234
Altavalle,022235
Altopiano della Vigolana,022236
Amblar-Don,022237
Borgo Chiese,022238
Borgo Lares,022239
Castel Ivano,022240
Cembra Lisignago,022241
Contà,022242
Madruzzo,022243
Porte di Rendena,022244
Primiero San Martino di Castrozza,022245
Sella Giudicarie,022246
Tre Ville,022247
Vallelaghi,022248
Ville d'Anaunia,022249
San Giovanni di Fassa,022250
Terre d'Adige,022251
Borgo d'Anaunia,022252
Novella,022253
Ville di Fiemme,022254
Affi,023001
Albaredo d'Adige,023002
Angiari,023003
Arcole,023004
Badia Calavena,023005
Bardolino,023006
Belfiore,023007
Bevilacqua,023008
Bonavigo,023009
Boschi Sant'Anna,023010
Bosco Chiesanuova,023011
Bovolone,023012
Brentino Belluno,023013
Brenzone sul Garda,023014
Bussolengo,023015
Buttapietra,023016
Caldiero,023017
Caprino Veronese,023018
Casaleone,023019
Castagnaro,023020
Castel d'Azzano,023021
Castelnuovo del Garda,023022
Cavaion Veronese,023023
Cazzano di Tramigna,023024
Cerea,023025
Cerro Veronese,023026
Cologna Veneta,023027
Colognola ai Colli,023028
Concamarise,023029
Costermano sul Garda,023030
Dolcè,023031
Erbè,023032
Erbezzo,023033
Ferrara di Monte Baldo,023034
Fumane,023035
Garda,023036
Gazzo Veronese,023037
Grezzana,023038
Illasi,023039
Isola della Scala,023040
Isola Rizza,023041
Lavagno,023042
Lazise,023043
Legnago,023044
Malcesine,023045
Marano di Valpolicella,023046
Mezzane di Sotto,023047
Minerbe,023048
Montecchia di Crosara,023049
Monteforte d'Alpone,023050
Mozzecane,023051
Negrar di Valpolicella,023052
Nogara,023053
Nogarole Rocca,023054
Oppeano,023055
Palù,023056
Pastrengo,023057
Pescantina,023058
Peschiera del Garda,023059
Povegliano Veronese,023060
Pressana,023061
Rivoli Veronese,023062
Roncà,023063
Ronco all'Adige,023064
Roverchiara,023065
Roveredo di Guà,023066
Roverè Veronese,023067
Salizzole,023068
San Bonifacio,023069
San Giovanni Ilarione,023070
San Giovanni Lupatoto,023071
Sanguinetto,023072
San Martino Buon Albergo,023073
San Mauro di Saline,023074
San Pietro di Morubio,023075
San Pietro in Cariano,023076
Sant'Ambrogio di Valpolicella,023077
Sant'Anna d'Alfaedo,023078
San Zeno di Montagna,023079
Selva di Progno,023080
Soave,023081
Sommacampagna,023082
Sona,023083
Sorgà,023084
Terrazzo,023085
Torri del Benaco,023086
Tregnago,023087
Trevenzuolo,023088
Valeggio sul Mincio,023089
Velo Veronese,023090
Verona,023091
Veronella,023092
Vestenanova,023093
Vigasio,023094
Villa Bartolomea,023095
Villafranca di Verona,023096
Zevio,023097
Zimella,023098
Agugliaro,024001
Albettone,024002
Alonte,024003
Altavilla Vicentina,024004
Altissimo,024005
Arcugnano,024006
Arsiero,024007
Arzignano,024008
Asiago,024009
Asigliano Veneto,024010
Bassano del Grappa,024012
Bolzano Vicentino,024013
Breganze,024014
Brendola,024015
Bressanvido,024016
Brogliano,024017
Caldogno,024018
Caltrano,024019
Calvene,024020
Camisano Vicentino,024021
Campiglia dei Berici,024022
Carrè,024024
Cartigliano,024025
Cassola,024026
Castelgomberto,024028
Chiampo,024029
Chiuppano,024030
Cogollo del Cengio,024032
Cornedo Vicentino,024034
Costabissara,024035
Creazzo,024036
Crespadoro,024037
Dueville,024038
Enego,024039
Fara Vicentino,024040
Foza,024041
Gallio,024042
Gambellara,024043
Grisignano di Zocco,024046
Grumolo delle Abbadesse,024047
Isola Vicentina,024048
Laghi,024049
Lastebasse,024050
Longare,024051
Lonigo,024052
Lugo di Vicenza,024053
Malo,024055
Marano Vicentino,024056
Marostica,024057
Montebello Vicentino,024060
Montecchio Maggiore,024061
Montecchio Precalcino,024062
Monte di Malo,024063
Montegalda,024064
Montegaldella,024065
Monteviale,024066
Monticello Conte Otto,024067
Montorso Vicentino,024068
Mussolente,024070
Nogarole Vicentino,024072
Nove,024073
Noventa Vicentina,024074
Orgiano,024075
Pedemonte,024076
Pianezze,024077
Piovene Rocchette,024078
Pojana Maggiore,024079
Posina,024080
Pove del Grappa,024081
Pozzoleone,024082
Quinto Vicentino,024083
Recoaro Terme,024084
Roana,024085
Romano d'Ezzelino,024086
Rosà,024087
Rossano Veneto,024088
Rotzo,024089
Salcedo,024090
Sandrigo,024091
San Pietro Mussolino,024094
Santorso,024095
San Vito di Leguzzano,024096
Sarcedo,024097
Sarego,024098
Schiavon,024099
Schio,024100
Solagna,024101
Sossano,024102
Tezze sul Brenta,024104
Thiene,024105
Tonezza del Cimone,024106
Torrebelvicino,024107
Torri di Quartesolo,024108
Trissino,024110
Valdagno,024111
Valdastico,024112
Valli del Pasubio,024113
Velo d'Astico,024115
Vicenza,024116
Villaga,024117
Villaverla,024118
Zanè,024119
Zermeghedo,024120
Zovencedo,024121
Zugliano,024122
Val Liona,024123
Barbarano Mossano,024124
Valbrenta,024125
Colceresa,024126
Lusiana Conco,024127
Sovizzo,024128
Castegnero Nanto,024129
Agordo,025001
Alleghe,025003
Arsiè,025004
Auronzo di Cadore,025005
Belluno,025006
Borca di Cadore,025007
Calalzo di Cadore,025008
Cencenighe Agordino,025010
Cesiomaggiore,025011
Chies d'Alpago,025012
Cibiana di Cadore,025013
Colle Santa Lucia,025014
Comelico Superiore,025015
Cortina d'Ampezzo,025016
Danta di Cadore,025017
Domegge di Cadore,025018
Falcade,025019
Feltre,025021
Fonzaso,025022
Canale d'Agordo,025023
Gosaldo,025025
Lamon,025026
La Valle Agordina,025027
Limana,025029
Livinallongo del Col di Lana,025030
Lorenzago di Cadore,025032
Lozzo di Cadore,025033
Ospitale di Cadore,025035
Pedavena,025036
Perarolo di Cadore,025037
Pieve di Cadore,025039
Ponte nelle Alpi,025040
Rivamonte Agordino,025043
Rocca Pietore,025044
San Gregorio nelle Alpi,025045
San Nicolò di Comelico,025046
San Pietro di Cadore,025047
Santa Giustina,025048
San Tomaso Agordino,025049
Santo Stefano di Cadore,025050
San Vito di Cadore,025051
Sedico,025053
Selva di Cadore,025054
Seren del Grappa,025055
Sospirolo,025056
Soverzene,025057
Sovramonte,025058
Taibon Agordino,025059
Tambre,025060
Vallada Agordina,025062
Valle di Cadore,025063
Vigo di Cadore,025065
Vodo Cadore,025066
Voltago Agordino,025067
Zoppè di Cadore,025069
Longarone,025071
Alpago,025072
Val di Zoldo,025073
Borgo Valbelluna,025074
Setteville,025075
Altivole,026001
Arcade,026002
Asolo,026003
Borso del Grappa,026004
Breda di Piave,026005
Caerano di San Marco,026006
Cappella Maggiore,026007
Carbonera,026008
Casale sul Sile,026009
Casier,026010
Castelcucco,026011
Castelfranco Veneto,026012
Castello di Godego,026013
Cavaso del Tomba,026014
Cessalto,026015
Chiarano,026016
Cimadolmo,026017
Cison di Valmarino,026018
Codognè,026019
Colle Umberto,026020
Conegliano,026021
Cordignano,026022
Cornuda,026023
Crocetta del Montello,026025
Farra di Soligo,026026
Follina,026027
Fontanelle,026028
Fonte,026029
Fregona,026030
Gaiarine,026031
Giavera del Montello,026032
Godega di Sant'Urbano,026033
Gorgo al Monticano,026034
Istrana,026035
Loria,026036
Mansuè,026037
Mareno di Piave,026038
Maser,026039
Maserada sul Piave,026040
Meduna di Livenza,026041
Miane,026042
Mogliano Veneto,026043
Monastier di Treviso,026044
Monfumo,026045
Montebelluna,026046
Morgano,026047
Moriago della Battaglia,026048
Motta di Livenza,026049
Nervesa della Battaglia,026050
Oderzo,026051
Ormelle,026052
Orsago,026053
Paese,026055
Pederobba,026056
Pieve di Soligo,026057
Ponte di Piave,026058
Ponzano Veneto,026059
Portobuffolè,026060
Possagno,026061
Povegliano,026062
Preganziol,026063
Quinto di Treviso,026064
Refrontolo,026065
Resana,026066
Revine Lago,026067
Riese Pio X,026068
Roncade,026069
Salgareda,026070
San Biagio di Callalta,026071
San Fior,026072
San Pietro di Feletto,026073
San Polo di Piave,026074
Santa Lucia di Piave,026075
San Vendemiano,026076
San Zenone degli Ezzelini,026077
Sarmede,026078
Segusino,026079
Sernaglia della Battaglia,026080
Silea,026081
Spresiano,026082
Susegana,026083
Tarzo,026084
Trevignano,026085
Treviso,026086
Valdobbiadene,026087
Vazzola,026088
Vedelago,026089
Vidor,026090
Villorba,026091
Vittorio Veneto,026092
Volpago del Montello,026093
Zenson di Piave,026094
Zero Branco,026095
Pieve del Grappa,026096
Annone Veneto,027001
Campagna Lupia,027002
Campolongo Maggiore,027003
Camponogara,027004
Caorle,027005
Cavarzere,027006
Ceggia,027007
Chioggia,027008
Cinto Caomaggiore,027009
Cona,027010
Concordia Sagittaria,027011
Dolo,027012
Eraclea,027013
Fiesso d'Artico,027014
Fossalta di Piave,027015
Fossalta di Portogruaro,027016
Fossò,027017
Gruaro,027018
Jesolo,027019
Marcon,027020
Martellago,027021
Meolo,027022
Mira,027023
Mirano,027024
Musile di Piave,027025
Noale,027026
Noventa di Piave,027027
Pianiga,027028
Portogruaro,027029
Pramaggiore,027030
Quarto d'Altino,027031
Salzano,027032
San Donà di Piave,027033
San Michele al Tagliamento,027034
Santa Maria di Sala,027035
San Stino di Livenza,027036
Scorzè,027037
Spinea,027038
Stra,027039
Teglio Veneto,027040
Torre di Mosto,027041
Venezia,027042
Vigonovo,027043
Cavallino-Treporti,027044
Abano Terme,028001
Agna,028002
Albignasego,028003
Anguillara Veneta,028004
Arquà Petrarca,028005
Arre,028006
Arzergrande,028007
Bagnoli di Sopra,028008
Baone,028009
Barbona,028010
Battaglia Terme,028011
Boara Pisani,028012
Borgoricco,028013
Bovolenta,028014
Brugine,028015
Cadoneghe,028016
Campodarsego,028017
Campodoro,028018
Camposampiero,028019
Campo San Martino,028020
Candiana,028021
Carmignano di Brenta,028023
Cartura,028026
Casale di Scodosia,028027
Casalserugo,028028
Castelbaldo,028029
Cervarese Santa Croce,028030
Cinto Euganeo,028031
Cittadella,028032
Codevigo,028033
Conselve,028034
Correzzola,028035
Curtarolo,028036
Este,028037
Fontaniva,028038
Galliera Veneta,028039
Galzignano Terme,028040
Gazzo,028041
Grantorto,028042
Granze,028043
Legnaro,028044
Limena,028045
Loreggia,028046
Lozzo Atestino,028047
Maserà di Padova,028048
Masi,028049
Massanzago,028050
Megliadino San Vitale,028052
Merlara,028053
Mestrino,028054
Monselice,028055
Montagnana,028056
Montegrotto Terme,028057
Noventa Padovana,028058
Ospedaletto Euganeo,028059
Padova,028060
Pernumia,028061
Piacenza d'Adige,028062
Piazzola sul Brenta,028063
Piombino Dese,028064
Piove di Sacco,028065
Polverara,028066
Ponso,028067
Pontelongo,028068
Ponte San Nicolò,028069
Pozzonovo,028070
Rovolon,028071
Rubano,028072
Saccolongo,028073
San Giorgio delle Pertiche,028075
San Giorgio in Bosco,028076
San Martino di Lupari,028077
San Pietro in Gu,028078
San Pietro Viminario,028079
Santa Giustina in Colle,028080
Sant'Angelo di Piove di Sacco,028082
Sant'Elena,028083
Sant'Urbano,028084
Saonara,028085
Selvazzano Dentro,028086
Solesino,028087
Stanghella,028088
Teolo,028089
Terrassa Padovana,028090
Tombolo,028091
Torreglia,028092
Trebaseleghe,028093
Tribano,028094
Urbana,028095
Veggiano,028096
Vescovana,028097
Vigodarzere,028099
Vigonza,028100
Villa del Conte,028101
Villa Estense,028102
Villafranca Padovana,028103
Villanova di Camposampiero,028104
Vo',028105
Due Carrare,028106
Borgo Veneto,028107
Santa Caterina d'Este,028108
Adria,029001
Ariano nel Polesine,029002
Arquà Polesine,029003
Badia Polesine,029004
Bagnolo di Po,029005
Bergantino,029006
Bosaro,029007
Calto,029008
Canaro,029009
Canda,029010
Castelguglielmo,029011
Castelmassa,029012
Castelnovo Bariano,029013
Ceneselli,029014
Ceregnano,029015
Corbola,029017
Costa di Rovigo,029018
Crespino,029019
Ficarolo,029021
Fiesso Umbertiano,029022
Frassinelle Polesine,029023
Fratta Polesine,029024
Gaiba,029025
Gavello,029026
Giacciano con Baruchella,029027
Guarda Veneta,029028
Lendinara,029029
Loreo,029030
Lusia,029031
Melara,029032
Occhiobello,029033
Papozze,029034
Pettorazza Grimani,029035
Pincara,029036
Polesella,029037
Pontecchio Polesine,029038
Porto Tolle,029039
Rosolina,029040
Rovigo,029041
Salara,029042
San Bellino,029043
San Martino di Venezze,029044
Stienta,029045
Taglio di Po,029046
Trecenta,029047
Villadose,029048
Villamarzana,029049
Villanova del Ghebbo,029050
Villanova Marchesana,029051
Porto Viro,029052
Aiello del Friuli,030001
Amaro,030002
Ampezzo,030003
Aquileia,030004
Arta Terme,030005
Artegna,030006
Attimis,030007
Bagnaria Arsa,030008
Basiliano,030009
Bertiolo,030010
Bicinicco,030011
Bordano,030012
Buja,030013
Buttrio,030014
Camino al Tagliamento,030015
Campoformido,030016
Carlino,030018
Cassacco,030019
Castions di Strada,030020
Cavazzo Carnico,030021
Cercivento,030022
Cervignano del Friuli,030023
Chiopris-Viscone,030024
Chiusaforte,030025
Cividale del Friuli,030026
Codroipo,030027
Colloredo di Monte Albano,030028
Comeglians,030029
Corno di Rosazzo,030030
Coseano,030031
Dignano,030032
Dogna,030033
Drenchia,030034
Enemonzo,030035
Faedis,030036
Fagagna,030037
Flaibano,030039
Forni Avoltri,030040
Forni di Sopra,030041
Forni di Sotto,030042
Gemona del Friuli,030043
Gonars,030044
Grimacco,030045
Latisana,030046
Lauco,030047
Lestizza,030048
Lignano Sabbiadoro,030049
Lusevera,030051
Magnano in Riviera,030052
Majano,030053
Malborghetto Valbruna,030054
Manzano,030055
Marano Lagunare,030056
Martignacco,030057
Mereto di Tomba,030058
Moggio Udinese,030059
Moimacco,030060
Montenars,030061
Mortegliano,030062
Moruzzo,030063
Muzzana del Turgnano,030064
Nimis,030065
Osoppo,030066
Ovaro,030067
Pagnacco,030068
Palazzolo dello Stella,030069
Palmanova,030070
Paluzza,030071
Pasian di Prato,030072
Paularo,030073
Pavia di Udine,030074
Pocenia,030075
Pontebba,030076
Porpetto,030077
Povoletto,030078
Pozzuolo del Friuli,030079
Pradamano,030080
Prato Carnico,030081
Precenicco,030082
Premariacco,030083
Preone,030084
Prepotto,030085
Pulfero,030086
Ragogna,030087
Ravascletto,030088
Raveo,030089
Reana del Rojale,030090
Remanzacco,030091
Resia,030092
Resiutta,030093
Rigolato,030094
Rive d'Arcano,030095
Ronchis,030097
Ruda,030098
San Daniele del Friuli,030099
San Giorgio di Nogaro,030100
San Giovanni al Natisone,030101
San Leonardo,030102
San Pietro al Natisone,030103
Santa Maria la Longa,030104
San Vito al Torre,030105
San Vito di Fagagna,030106
Sauris,030107
Savogna,030108
Sedegliano,030109
Socchieve,030110
Stregna,030111
Sutrio,030112
Taipana,030113
Talmassons,030114
Tarcento,030116
Tarvisio,030117
Tavagnacco,030118
Terzo d'Aquileia,030120
Tolmezzo,030121
Torreano,030122
Torviscosa,030123
Trasaghis,030124
Treppo Grande,030126
Tricesimo,030127
Trivignano Udinese,030128
Udine,030129
Varmo,030130
Venzone,030131
Verzegnis,030132
Villa Santina,030133
Visco,030135
Zuglio,030136
Forgaria nel Friuli,030137
Campolongo Tapogliano,030138
Rivignano Teor,030188
Sappada,030189
Fiumicello Villa Vicentina,030190
Treppo Ligosullo,030191
Capriva del Friuli,031001
Cormons,031002
Doberdò del Lago,031003
Dolegna del Collio,031004
Farra d'Isonzo,031005
Fogliano Redipuglia,031006
Gorizia,031007
Gradisca d'Isonzo,031008
Grado,031009
Mariano del Friuli,031010
Medea,031011
Monfalcone,031012
Moraro,031013
Mossa,031014
Romans d'Isonzo,031015
Ronchi dei Legionari,031016
Sagrado,031017
San Canzian d'Isonzo,031018
San Floriano del Collio,031019
San Lorenzo Isontino,031020
San Pier d'Isonzo,031021
Savogna d'Isonzo,031022
Staranzano,031023
Turriaco,031024
Villesse,031025
Duino Aurisina,032001
Monrupino,032002
Muggia,032003
San Dorligo della Valle,032004
Sgonico,032005
Trieste,032006
Agazzano,033001
Alseno,033002
Besenzone,033003
Bettola,033004
Bobbio,033005
Borgonovo Val Tidone,033006
Cadeo,033007
Calendasco,033008
Caorso,033010
Carpaneto Piacentino,033011
Castell'Arquato,033012
Castel San Giovanni,033013
Castelvetro Piacentino,033014
Cerignale,033015
Coli,033016
Corte Brugnatella,033017
Cortemaggiore,033018
Farini,033019
Ferriere,033020
Fiorenzuola d'Arda,033021
Gazzola,033022
Gossolengo,033023
Gragnano Trebbiense,033024
Gropparello,033025
Lugagnano Val d'Arda,033026
Monticelli d'Ongina,033027
Morfasso,033028
Ottone,033030
Piacenza,033032
Pianello Val Tidone,033033
Piozzano,033034
Podenzano,033035
Ponte dell'Olio,033036
Pontenure,033037
Rivergaro,033038
Rottofreno,033039
San Giorgio Piacentino,033040
San Pietro in Cerro,033041
Sarmato,033042
Travo,033043
Vernasca,033044
Vigolzone,033045
Villanova sull'Arda,033046
Zerba,033047
Ziano Piacentino,033048
Alta Val Tidone,033049
Albareto,034001
Bardi,034002
Bedonia,034003
Berceto,034004
Bore,034005
Borgo Val di Taro,034006
Busseto,034007
Calestano,034008
Collecchio,034009
Colorno,034010
Compiano,034011
Corniglio,034012
Felino,034013
Fidenza,034014
Fontanellato,034015
Fontevivo,034016
Fornovo di Taro,034017
Langhirano,034018
Lesignano de' Bagni,034019
Medesano,034020
Monchio delle Corti,034022
Montechiarugolo,034023
Neviano degli Arduini,034024
Noceto,034025
Palanzano,034026
Parma,034027
Pellegrino Parmense,034028
Roccabianca,034030
Sala Baganza,034031
Salsomaggiore Terme,034032
San Secondo Parmense,034033
Solignano,034035
Soragna,034036
Terenzo,034038
Tizzano Val Parma,034039
Tornolo,034040
Torrile,034041
Traversetolo,034042
Valmozzola,034044
Varano de' Melegari,034045
Varsi,034046
Sissa Trecasali,034049
Polesine Zibello,034050
Sorbolo Mezzani,034051
Albinea,035001
Bagnolo in Piano,035002
Baiso,035003
Bibbiano,035004
Boretto,035005
Brescello,035006
Cadelbosco di Sopra,035008
Campagnola Emilia,035009
Campegine,035010
Carpineti,035011
Casalgrande,035012
Casina,035013
Castellarano,035014
Castelnovo di Sotto,035015
Castelnovo ne' Monti,035016
Cavriago,035017
Canossa,035018
Correggio,035020
Fabbrico,035021
Gattatico,035022
Gualtieri,035023
Guastalla,035024
Luzzara,035026
Montecchio Emilia,035027
Novellara,035028
Poviglio,035029
Quattro Castella,035030
Reggiolo,035032
Reggio nell'Emilia,035033
Rio Saliceto,035034
Rolo,035035
Rubiera,035036
San Martino in Rio,035037
San Polo d'Enza,035038
Sant'Ilario d'Enza,035039
Scandiano,035040
Toano,035041
Vetto,035042
Vezzano sul Crostolo,035043
Viano,035044
Villa Minozzo,035045
Ventasso,035046
Bastiglia,036001
Bomporto,036002
Campogalliano,036003
Camposanto,036004
Carpi,036005
Castelfranco Emilia,036006
Castelnuovo Rangone,036007
Castelvetro di Modena,036008
Cavezzo,036009
Concordia sulla Secchia,036010
Fanano,036011
Finale Emilia,036012
Fiorano Modenese,036013
Fiumalbo,036014
Formigine,036015
Frassinoro,036016
Guiglia,036017
Lama Mocogno,036018
Maranello,036019
Marano sul Panaro,036020
Medolla,036021
Mirandola,036022
Modena,036023
Montecreto,036024
Montefiorino,036025
Montese,036026
Nonantola,036027
Novi di Modena,036028
Palagano,036029
Pavullo nel Frignano,036030
Pievepelago,036031
Polinago,036032
Prignano sulla Secchia,036033
Ravarino,036034
Riolunato,036035
San Cesario sul Panaro,036036
San Felice sul Panaro,036037
San Possidonio,036038
San Prospero,036039
Sassuolo,036040
Savignano sul Panaro,036041
Serramazzoni,036042
Sestola,036043
Soliera,036044
Spilamberto,036045
Vignola,036046
Zocca,036047
Anzola dell'Emilia,037001
Argelato,037002
Baricella,037003
Bentivoglio,037005
Bologna,037006
Borgo Tossignano,037007
Budrio,037008
Calderara di Reno,037009
Camugnano,037010
Casalecchio di Reno,037011
Casalfiumanese,037012
Castel d'Aiano,037013
Castel del Rio,037014
Castel di Casio,037015
Castel Guelfo di Bologna,037016
Castello d'Argile,037017
Castel Maggiore,037019
Castel San Pietro Terme,037020
Castenaso,037021
Castiglione dei Pepoli,037022
Crevalcore,037024
Dozza,037025
Fontanelice,037026
Gaggio Montano,037027
Galliera,037028
Granarolo dell'Emilia,037030
Grizzana Morandi,037031
Imola,037032
Lizzano in Belvedere,037033
Loiano,037034
Malalbergo,037035
Marzabotto,037036
Medicina,037037
Minerbio,037038
Molinella,037039
Monghidoro,037040
Monterenzio,037041
Monte San Pietro,037042
Monzuno,037044
Mordano,037045
Ozzano dell'Emilia,037046
Pianoro,037047
Pieve di Cento,037048
Sala Bolognese,037050
San Benedetto Val di Sambro,037051
San Giorgio di Piano,037052
San Giovanni in Persiceto,037053
San Lazzaro di Savena,037054
San Pietro in Casale,037055
Sant'Agata Bolognese,037056
Sasso Marconi,037057
Vergato,037059
Zola Predosa,037060
Valsamoggia,037061
Alto Reno Terme,037062
Argenta,038001
Bondeno,038003
Cento,038004
Codigoro,038005
Comacchio,038006
Copparo,038007
Ferrara,038008
Jolanda di Savoia,038010
Lagosanto,038011
Masi Torello,038012
Mesola,038014
Ostellato,038017
Poggio Renatico,038018
Portomaggiore,038019
Vigarano Mainarda,038022
Voghiera,038023
Goro,038025
Fiscaglia,038027
Terre del Reno,038028
Riva del Po,038029
Tresignana,038030
Alfonsine,039001
Bagnacavallo,039002
Bagnara di Romagna,039003
Brisighella,039004
Casola Valsenio,039005
Castel Bolognese,039006
Cervia,039007
Conselice,039008
Cotignola,039009
Faenza,039010
Fusignano,039011
Lugo,039012
Massa Lombarda,039013
Ravenna,039014
Riolo Terme,039015
Russi,039016
Sant'Agata sul Santerno,039017
Solarolo,039018
Bagno di Romagna,040001
Bertinoro,040003
Borghi,040004
Castrocaro Terme e Terra del Sole,040005
Cesena,040007
Cesenatico,040008
Civitella di Romagna,040009
Dovadola,040011
Forlì,040012
Forlimpopoli,040013
Galeata,040014
Gambettola,040015
Gatteo,040016
Longiano,040018
Meldola,040019
Mercato Saraceno,040020
Modigliana,040022
Montiano,040028
Portico e San Benedetto,040031
Predappio,040032
Premilcuore,040033
Rocca San Casciano,040036
Roncofreddo,040037
San Mauro Pascoli,040041
Santa Sofia,040043
Sarsina,040044
Savignano sul Rubicone,040045
Sogliano al Rubicone,040046
Tredozio,040049
Verghereto,040050
Acqualagna,041001
Apecchio,041002
Belforte all'Isauro,041005
Borgo Pace,041006
Cagli,041007
Cantiano,041008
Carpegna,041009
Cartoceto,041010
Fano,041013
Fermignano,041014
Fossombrone,041015
Fratte Rosa,041016
Frontino,041017
Frontone,041018
Gabicce Mare,041019
Gradara,041020
Isola del Piano,041021
Lunano,041022
Macerata Feltria,041023
Mercatello sul Metauro,041025
Mercatino Conca,041026
Mombaroccio,041027
Mondavio,041028
Mondolfo,041029
Montecalvo in Foglia,041030
Monte Cerignone,041031
Montefelcino,041034
Monte Grimano Terme,041035
Montelabbate,041036
Monte Porzio,041038
Peglio,041041
Pergola,041043
Pesaro,041044
Petriano,041045
Piandimeleto,041047
Pietrarubbia,041048
Piobbico,041049
San Costanzo,041051
San Lorenzo in Campo,041054
Sant'Angelo in Vado,041057
Sant'Ippolito,041058
Serra Sant'Abbondio,041061
Tavoleto,041064
Tavullia,041065
Urbania,041066
Urbino,041067
Vallefoglia,041068
Colli al Metauro,041069
Terre Roveresche,041070
Sassocorvaro Auditore,041071
Agugliano,042001
Ancona,042002
Arcevia,042003
Barbara,042004
Belvedere Ostrense,042005
Camerano,042006
Camerata Picena,042007
Castelbellino,042008
Castelfidardo,042010
Castelleone di Suasa,042011
Castelplanio,042012
Cerreto d'Esi,042013
Chiaravalle,042014
Corinaldo,042015
Cupramontana,042016
Fabriano,042017
Falconara Marittima,042018
Filottrano,042019
Genga,042020
Jesi,042021
Loreto,042022
Maiolati Spontini,042023
Mergo,042024
Monsano,042025
Montecarotto,042026
Montemarciano,042027
Monte Roberto,042029
Monte San Vito,042030
Morro d'Alba,042031
Numana,042032
Offagna,042033
Osimo,042034
Ostra,042035
Ostra Vetere,042036
Poggio San Marcello,042037
Polverigi,042038
Rosora,042040
San Marcello,042041
San Paolo di Jesi,042042
Santa Maria Nuova,042043
Sassoferrato,042044
Senigallia,042045
Serra de' Conti,042046
Serra San Quirico,042047
Sirolo,042048
Staffolo,042049
Trecastelli,042050
Apiro,043002
Appignano,043003
Belforte del Chienti,043004
Bolognola,043005
Caldarola,043006
Camerino,043007
Camporotondo di Fiastrone,043008
Castelraimondo,043009
Castelsantangelo sul Nera,043010
Cessapalombo,043011
Cingoli,043012
Civitanova Marche,043013
Colmurano,043014
Corridonia,043015
Esanatoglia,043016
Fiastra,043017
Fiuminata,043019
Gagliole,043020
Gualdo,043021
Loro Piceno,043022
Macerata,043023
Matelica,043024
Mogliano,043025
Montecassiano,043026
Monte Cavallo,043027
Montecosaro,043028
Montefano,043029
Montelupone,043030
Monte San Giusto,043031
Monte San Martino,043032
Morrovalle,043033
Muccia,043034
Penna San Giovanni,043035
Petriolo,043036
Pieve Torina,043038
Pioraco,043039
Poggio San Vicino,043040
Pollenza,043041
Porto Recanati,043042
Potenza Picena,043043
Recanati,043044
Ripe San Ginesio,043045
San Ginesio,043046
San Severino Marche,043047
Sant'Angelo in Pontano,043048
Sarnano,043049
Sefro,043050
Serrapetrona,043051
Serravalle di Chienti,043052
Tolentino,043053
Treia,043054
Urbisaglia,043055
Ussita,043056
Visso,043057
Valfornace,043058
Acquasanta Terme,044001
Acquaviva Picena,044002
Appignano del Tronto,044005
Arquata del Tronto,044006
Ascoli Piceno,044007
Carassai,044010
Castel di Lama,044011
Castignano,044012
Castorano,044013
Colli del Tronto,044014
Comunanza,044015
Cossignano,044016
Cupra Marittima,044017
Folignano,044020
Force,044021
Grottammare,044023
Maltignano,044027
Massignano,044029
Monsampolo del Tronto,044031
Montalto delle Marche,044032
Montedinove,044034
Montefiore dell'Aso,044036
Montegallo,044038
Montemonaco,044044
Monteprandone,044045
Offida,044054
Palmiano,044056
Ripatransone,044063
Roccafluvione,044064
Rotella,044065
San Benedetto del Tronto,044066
Spinetoli,044071
Venarotta,044073
Aulla,045001
Bagnone,045002
Carrara,045003
Casola in Lunigiana,045004
Comano,045005
Filattiera,045006
Fivizzano,045007
Fosdinovo,045008
Licciana Nardi,045009
Massa,045010
Montignoso,045011
Mulazzo,045012
Podenzana,045013
Pontremoli,045014
Tresana,045015
Villafranca in Lunigiana,045016
Zeri,045017
Altopascio,046001
Bagni di Lucca,046002
Barga,046003
Borgo a Mozzano,046004
Camaiore,046005
Camporgiano,046006
Capannori,046007
Careggine,046008
Castelnuovo di Garfagnana,046009
Castiglione di Garfagnana,046010
Coreglia Antelminelli,046011
Forte dei Marmi,046013
Fosciandora,046014
Gallicano,046015
Lucca,046017
Massarosa,046018
Minucciano,046019
Molazzana,046020
Montecarlo,046021
Pescaglia,046022
Piazza al Serchio,046023
Pietrasanta,046024
Pieve Fosciana,046025
Porcari,046026
San Romano in Garfagnana,046027
Seravezza,046028
Stazzema,046030
Vagli Sotto,046031
Viareggio,046033
Villa Basilica,046034
Villa Collemandina,046035
Fabbriche di Vergemoli,046036
Sillano Giuncugnano,046037
Agliana,047002
Buggiano,047003
Lamporecchio,047005
Larciano,047006
Marliana,047007
Massa e Cozzile,047008
Monsummano Terme,047009
Montale,047010
Montecatini-Terme,047011
Pescia,047012
Pieve a Nievole,047013
Pistoia,047014
Ponte Buggianese,047016
Quarrata,047017
Sambuca Pistoiese,047018
Serravalle Pistoiese,047020
Uzzano,047021
Chiesina Uzzanese,047022
Abetone Cutigliano,047023
San Marcello Piteglio,047024
Bagno a Ripoli,048001
Barberino di Mugello,048002
Borgo San Lorenzo,048004
Calenzano,048005
Campi Bisenzio,048006
Capraia e Limite,048008
Castelfiorentino,048010
Cerreto Guidi,048011
Certaldo,048012
Dicomano,048013
Empoli,048014
Fiesole,048015
Firenze,048017
Firenzuola,048018
Fucecchio,048019
Gambassi Terme,048020
Greve in Chianti,048021
Impruneta,048022
Lastra a Signa,048024
Londa,048025
Marradi,048026
Montaione,048027
Montelupo Fiorentino,048028
Montespertoli,048030
Palazzuolo sul Senio,048031
Pelago,048032
Pontassieve,048033
Reggello,048035
Rignano sull'Arno,048036
Rufina,048037
San Casciano in Val di Pesa,048038
San Godenzo,048039
Scandicci,048041
Sesto Fiorentino,048043
Signa,048044
Vaglia,048046
Vicchio,048049
Vinci,048050
Figline e Incisa Valdarno,048052
Scarperia e San Piero,048053
Barberino Tavarnelle,048054
Bibbona,049001
Campiglia Marittima,049002
Campo nell'Elba,049003
Capoliveri,049004
Capraia Isola,049005
Castagneto Carducci,049006
Cecina,049007
Collesalvetti,049008
Livorno,049009
Marciana,049010
Marciana Marina,049011
Piombino,049012
Porto Azzurro,049013
Portoferraio,049014
Rosignano Marittimo,049017
San Vincenzo,049018
Sassetta,049019
Suvereto,049020
Rio,049021
Bientina,050001
Buti,050002
Calci,050003
Calcinaia,050004
Capannoli,050005
Casale Marittimo,050006
Cascina,050008
Castelfranco di Sotto,050009
Castellina Marittima,050010
Castelnuovo di Val di Cecina,050011
Chianni,050012
Fauglia,050014
Guardistallo,050015
Lajatico,050016
Montecatini Val di Cecina,050019
Montescudaio,050020
Monteverdi Marittimo,050021
Montopoli in Val d'Arno,050022
Orciano Pisano,050023
Palaia,050024
Peccioli,050025
Pisa,050026
Pomarance,050027
Ponsacco,050028
Pontedera,050029
Riparbella,050030
San Giuliano Terme,050031
San Miniato,050032
Santa Croce sull'Arno,050033
Santa Luce,050034
Santa Maria a Monte,050035
Terricciola,050036
Vecchiano,050037
Vicopisano,050038
Volterra,050039
Casciana Terme Lari,050040
Crespina Lorenzana,050041
Anghiari,051001
Arezzo,051002
Badia Tedalda,051003
Bibbiena,051004
Bucine,051005
Capolona,051006
Caprese Michelangelo,051007
Castel Focognano,051008
Castel San Niccolò,051010
Castiglion Fibocchi,051011
Castiglion Fiorentino,051012
Cavriglia,051013
Chitignano,051014
Chiusi della Verna,051015
Civitella in Val di Chiana,051016
Cortona,051017
Foiano della Chiana,051018
Loro Ciuffenna,051020
Lucignano,051021
Marciano della Chiana,051022
Montemignaio,051023
Monterchi,051024
Monte San Savino,051025
Montevarchi,051026
Ortignano Raggiolo,051027
Pieve Santo Stefano,051030
Poppi,051031
San Giovanni Valdarno,051033
Sansepolcro,051034
Sestino,051035
Subbiano,051037
Talla,051038
Terranuova Bracciolini,051039
Castelfranco Piandiscò,051040
Pratovecchio Stia,051041
Laterina Pergine Valdarno,051042
Abbadia San Salvatore,052001
Asciano,052002
Buonconvento,052003
Casole d'Elsa,052004
Castellina in Chianti,052005
Castelnuovo Berardenga,052006
Castiglione d'Orcia,052007
Cetona,052008
Chianciano Terme,052009
Chiusdino,052010
Chiusi,052011
Colle di Val d'Elsa,052012
Gaiole in Chianti,052013
Montepulciano,052015
Monteriggioni,052016
Monteroni d'Arbia,052017
Monticiano,052018
Murlo,052019
Piancastagnaio,052020
Pienza,052021
Poggibonsi,052022
Radda in Chianti,052023
Radicofani,052024
Radicondoli,052025
Rapolano Terme,052026
San Casciano dei Bagni,052027
San Gimignano,052028
San Quirico d'Orcia,052030
Sarteano,052031
Siena,052032
Sinalunga,052033
Sovicille,052034
Torrita di Siena,052035
Trequanda,052036
Montalcino,052037
Arcidosso,053001
Campagnatico,053002
Capalbio,053003
Castel del Piano,053004
Castell'Azzara,053005
Castiglione della Pescaia,053006
Cinigiano,053007
Civitella Paganico,053008
Follonica,053009
Gavorrano,053010
Grosseto,053011
Isola del Giglio,053012
Magliano in Toscana,053013
Manciano,053014
Massa Marittima,053015
Monte Argentario,053016
Montieri,053017
Orbetello,053018
Pitigliano,053019
Roccalbegna,053020
Roccastrada,053021
Santa Fiora,053022
Scansano,053023
Scarlino,053024
Seggiano,053025
Sorano,053026
Monterotondo Marittimo,053027
Semproniano,053028
Assisi,054001
Bastia Umbra,054002
Bettona,054003
Bevagna,054004
Campello sul Clitunno,054005
Cannara,054006
Cascia,054007
Castel Ritaldi,054008
Castiglione del Lago,054009
Cerreto di Spoleto,054010
Citerna,054011
Città della Pieve,054012
Città di Castello,054013
Collazzone,054014
Corciano,054015
Costacciaro,054016
Deruta,054017
Foligno,054018
Fossato di Vico,054019
Fratta Todina,054020
Giano dell'Umbria,054021
Gualdo Cattaneo,054022
Gualdo Tadino,054023
Gubbio,054024
Lisciano Niccone,054025
Magione,054026
Marsciano,054027
Massa Martana,054028
Monte Castello di Vibio,054029
Montefalco,054030
Monteleone di Spoleto,054031
Monte Santa Maria Tiberina,054032
Montone,054033
Nocera Umbra,054034
Norcia,054035
Paciano,054036
Panicale,054037
Passignano sul Trasimeno,054038
Perugia,054039
Piegaro,054040
Pietralunga,054041
Poggiodomo,054042
Preci,054043
San Giustino,054044
Sant'Anatolia di Narco,054045
Scheggia e Pascelupo,054046
Scheggino,054047
Sellano,054048
Sigillo,054049
Spello,054050
Spoleto,054051
Todi,054052
Torgiano,054053
Trevi,054054
Tuoro sul Trasimeno,054055
Umbertide,054056
Valfabbrica,054057
Vallo di Nera,054058
Valtopina,054059
Acquasparta,055001
Allerona,055002
Alviano,055003
Amelia,055004
Arrone,055005
Attigliano,055006
Baschi,055007
Calvi dell'Umbria,055008
Castel Giorgio,055009
Castel Viscardo,055010
Fabro,055011
Ferentillo,055012
Ficulle,055013
Giove,055014
Guardea,055015
Lugnano in Teverina,055016
Montecastrilli,055017
Montecchio,055018
Montefranco,055019
Montegabbione,055020
Monteleone d'Orvieto,055021
Narni,055022
Orvieto,055023
Otricoli,055024
Parrano,055025
Penna in Teverina,055026
Polino,055027
Porano,055028
San Gemini,055029
San Venanzo,055030
Stroncone,055031
Terni,055032
Avigliano Umbro,055033
Acquapendente,056001
Arlena di Castro,056002
Bagnoregio,056003
Barbarano Romano,056004
Bassano Romano,056005
Bassano in Teverina,056006
Blera,056007
Bolsena,056008
Bomarzo,056009
Calcata,056010
Canepina,056011
Canino,056012
Capodimonte,056013
Capranica,056014
Caprarola,056015
Carbognano,056016
Castel Sant'Elia,056017
Castiglione in Teverina,056018
Celleno,056019
Cellere,056020
Civita Castellana,056021
Civitella d'Agliano,056022
Corchiano,056023
Fabrica di Roma,056024
Faleria,056025
Farnese,056026
Gallese,056027
Gradoli,056028
Graffignano,056029
Grotte di Castro,056030
Ischia di Castro,056031
Latera,056032
Lubriano,056033
Marta,056034
Montalto di Castro,056035
Montefiascone,056036
Monte Romano,056037
Monterosi,056038
Nepi,056039
Onano,056040
Oriolo Romano,056041
Orte,056042
Piansano,056043
Proceno,056044
Ronciglione,056045
Villa San Giovanni in Tuscia,056046
San Lorenzo Nuovo,056047
Soriano nel Cimino,056048
Sutri,056049
Tarquinia,056050
Tessennano,056051
Tuscania,056052
Valentano,056053
Vallerano,056054
Vasanello,056055
Vejano,056056
Vetralla,056057
Vignanello,056058
Viterbo,056059
Vitorchiano,056060
Accumoli,057001
Amatrice,057002
Antrodoco,057003
Ascrea,057004
Belmonte in Sabina,057005
Borbona,057006
Borgorose,057007
Borgo Velino,057008
Cantalice,057009
Cantalupo in Sabina,057010
Casaprota,057011
Casperia,057012
Castel di Tora,057013
Castelnuovo di Farfa,057014
Castel Sant'Angelo,057015
Cittaducale,057016
Cittareale,057017
Collalto Sabino,057018
Colle di Tora,057019
Collegiove,057020
Collevecchio,057021
Colli sul Velino,057022
Concerviano,057023
Configni,057024
Contigliano,057025
Cottanello,057026
Fara in Sabina,057027
Fiamignano,057028
Forano,057029
Frasso Sabino,057030
Greccio,057031
Labro,057032
Leonessa,057033
Longone Sabino,057034
Magliano Sabina,057035
Marcetelli,057036
Micigliano,057037
Mompeo,057038
Montasola,057039
Montebuono,057040
Monteleone Sabino,057041
Montenero Sabino,057042
Monte San Giovanni in Sabina,057043
Montopoli di Sabina,057044
Morro Reatino,057045
Nespolo,057046
Orvinio,057047
Paganico Sabino,057048
Pescorocchiano,057049
Petrella Salto,057050
Poggio Bustone,057051
Poggio Catino,057052
Poggio Mirteto,057053
Poggio Moiano,057054
Poggio Nativo,057055
Poggio San Lorenzo,057056
Posta,057057
Pozzaglia Sabina,057058
Rieti,057059
Rivodutri,057060
Roccantica,057061
Rocca Sinibalda,057062
Salisano,057063
Scandriglia,057064
Selci,057065
Stimigliano,057066
Tarano,057067
Toffia,057068
Torricella in Sabina,057069
Torri in Sabina,057070
Turania,057071
Vacone,057072
Varco Sabino,057073
Affile,058001
Agosta,058002
Albano Laziale,058003
Allumiere,058004
Anguillara Sabazia,058005
Anticoli Corrado,058006
Anzio,058007
Arcinazzo Romano,058008
Ariccia,058009
Arsoli,058010
Artena,058011
Bellegra,058012
Bracciano,058013
Camerata Nuova,058014
Campagnano di Roma,058015
Canale Monterano,058016
Canterano,058017
Capena,058018
Capranica Prenestina,058019
Carpineto Romano,058020
Casape,058021
Castel Gandolfo,058022
Castel Madama,058023
Castelnuovo di Porto,058024
Castel San Pietro Romano,058025
Cave,058026
Cerreto Laziale,058027
Cervara di Roma,058028
Cerveteri,058029
Ciciliano,058030
Cineto Romano,058031
Civitavecchia,058032
Civitella San Paolo,058033
Colleferro,058034
Colonna,058035
Fiano Romano,058036
Filacciano,058037
Formello,058038
Frascati,058039
Gallicano nel Lazio,058040
Gavignano,058041
Genazzano,058042
Genzano di Roma,058043
Gerano,058044
Gorga,058045
Grottaferrata,058046
Guidonia Montecelio,058047
Jenne,058048
Labico,058049
Lanuvio,058050
Licenza,058051
Magliano Romano,058052
Mandela,058053
Manziana,058054
Marano Equo,058055
Marcellina,058056
Marino,058057
Mazzano Romano,058058
Mentana,058059
Monte Compatri,058060
Monteflavio,058061
Montelanico,058062
Montelibretti,058063
Monte Porzio Catone,058064
Monterotondo,058065
Montorio Romano,058066
Moricone,058067
Morlupo,058068
Nazzano,058069
Nemi,058070
Nerola,058071
Nettuno,058072
Olevano Romano,058073
Palestrina,058074
Palombara Sabina,058075
Percile,058076
Pisoniano,058077
Poli,058078
Pomezia,058079
Ponzano Romano,058080
Riano,058081
Rignano Flaminio,058082
Riofreddo,058083
Rocca Canterano,058084
Rocca di Cave,058085
Rocca di Papa,058086
Roccagiovine,058087
Rocca Priora,058088
Rocca Santo Stefano,058089
Roiate,058090
Roma,058091
Roviano,058092
Sacrofano,058093
Sambuci,058094
San Gregorio da Sassola,058095
San Polo dei Cavalieri,058096
Santa Marinella,058097
Sant'Angelo Romano,058098
Sant'Oreste,058099
San Vito Romano,058100
Saracinesco,058101
Segni,058102
Subiaco,058103
Tivoli,058104
Tolfa,058105
Torrita Tiberina,058106
Trevignano Romano,058107
Vallepietra,058108
Vallinfreda,058109
Valmontone,058110
Velletri,058111
Vicovaro,058112
Vivaro Romano,058113
Zagarolo,058114
Lariano,058115
Ladispoli,058116
Ardea,058117
Ciampino,058118
San Cesareo,058119
Fiumicino,058120
Fonte Nuova,058122
Aprilia,059001
Bassiano,059002
Campodimele,059003
Castelforte,059004
Cisterna di Latina,059005
Cori,059006
Fondi,059007
Formia,059008
Gaeta,059009
Itri,059010
Latina,059011
Lenola,059012
Maenza,059013
Minturno,059014
Monte San Biagio,059015
Norma,059016
Pontinia,059017
Ponza,059018
Priverno,059019
Prossedi,059020
Roccagorga,059021
Rocca Massima,059022
Roccasecca dei Volsci,059023
Sabaudia,059024
San Felice Circeo,059025
Santi Cosma e Damiano,059026
Sermoneta,059027
Sezze,059028
Sonnino,059029
Sperlonga,059030
Spigno Saturnia,059031
Terracina,059032
Ventotene,059033
Acquafondata,060001
Acuto,060002
Alatri,060003
Alvito,060004
Amaseno,060005
Anagni,060006
Aquino,060007
Arce,060008
Arnara,060009
Arpino,060010
Atina,060011
Ausonia,060012
Belmonte Castello,060013
Boville Ernica,060014
Broccostella,060015
Campoli Appennino,060016
Casalattico,060017
Casalvieri,060018
Cassino,060019
Castelliri,060020
Castelnuovo Parano,060021
Castrocielo,060022
Castro dei Volsci,060023
Ceccano,060024
Ceprano,060025
Cervaro,060026
Colfelice,060027
Collepardo,060028
Colle San Magno,060029
Coreno Ausonio,060030
Esperia,060031
Falvaterra,060032
Ferentino,060033
Filettino,060034
Fiuggi,060035
Fontana Liri,060036
Fontechiari,060037
Frosinone,060038
Fumone,060039
Gallinaro,060040
Giuliano di Roma,060041
Guarcino,060042
Isola del Liri,060043
Monte San Giovanni Campano,060044
Morolo,060045
Paliano,060046
Pastena,060047
Patrica,060048
Pescosolido,060049
Picinisco,060050
Pico,060051
Piedimonte San Germano,060052
Piglio,060053
Pignataro Interamna,060054
Pofi,060055
Pontecorvo,060056
Posta Fibreno,060057
Ripi,060058
Rocca d'Arce,060059
Roccasecca,060060
San Biagio Saracinisco,060061
San Donato Val di Comino,060062
San Giorgio a Liri,060063
San Giovanni Incarico,060064
Sant'Ambrogio sul Garigliano,060065
Sant'Andrea del Garigliano,060066
Sant'Apollinare,060067
Sant'Elia Fiumerapido,060068
Santopadre,060069
San Vittore del Lazio,060070
Serrone,060071
Settefrati,060072
Sgurgola,060073
Sora,060074
Strangolagalli,060075
Supino,060076
Terelle,060077
Torre Cajetani,060078
Torrice,060079
Trevi nel Lazio,060080
Trivigliano,060081
Vallecorsa,060082
Vallemaio,060083
Vallerotonda,060084
Veroli,060085
Vicalvi,060086
Vico nel Lazio,060087
Villa Latina,060088
Villa Santa Lucia,060089
Villa Santo Stefano,060090
Viticuso,060091
Ailano,061001
Alife,061002
Alvignano,061003
Arienzo,061004
Aversa,061005
Baia e Latina,061006
Bellona,061007
Caianello,061008
Caiazzo,061009
Calvi Risorta,061010
Camigliano,061011
Cancello ed Arnone,061012
Capodrise,061013
Capriati a Volturno,061014
Capua,061015
Carinaro,061016
Carinola,061017
Casagiove,061018
Casal di Principe,061019
Casaluce,061020
Casapulla,061021
Caserta,061022
Castel Campagnano,061023
Castel di Sasso,061024
Castello del Matese,061025
Castel Morrone,061026
Castel Volturno,061027
Cervino,061028
Cesa,061029
Ciorlano,061030
Conca della Campania,061031
Curti,061032
Dragoni,061033
Fontegreca,061034
Formicola,061035
Francolise,061036
Frignano,061037
Gallo Matese,061038
Galluccio,061039
Giano Vetusto,061040
Gioia Sannitica,061041
Grazzanise,061042
Gricignano di Aversa,061043
Letino,061044
Liberi,061045
Lusciano,061046
Macerata Campania,061047
Maddaloni,061048
Marcianise,061049
Marzano Appio,061050
Mignano Monte Lungo,061051
Mondragone,061052
Orta di Atella,061053
Parete,061054
Pastorano,061055
Piana di Monte Verna,061056
Piedimonte Matese,061057
Pietramelara,061058
Pietravairano,061059
Pignataro Maggiore,061060
Pontelatone,061061
Portico di Caserta,061062
Prata Sannita,061063
Pratella,061064
Presenzano,061065
Raviscanina,061066
Recale,061067
Riardo,061068
Rocca d'Evandro,061069
Roccamonfina,061070
Roccaromana,061071
Rocchetta e Croce,061072
Ruviano,061073
San Cipriano d'Aversa,061074
San Felice a Cancello,061075
San Gregorio Matese,061076
San Marcellino,061077
San Nicola la Strada,061078
San Pietro Infine,061079
San Potito Sannitico,061080
San Prisco,061081
Santa Maria a Vico,061082
Santa Maria Capua Vetere,061083
Santa Maria la Fossa,061084
San Tammaro,061085
Sant'Angelo d'Alife,061086
Sant'Arpino,061087
Sessa Aurunca,061088
Sparanise,061089
Succivo,061090
Teano,061091
Teverola,061092
Tora e Piccilli,061093
Trentola Ducenta,061094
Vairano Patenora,061095
Valle Agricola,061096
Valle di Maddaloni,061097
Villa di Briano,061098
Villa Literno,061099
Vitulazio,061100
Falciano del Massico,061101
Cellole,061102
Casapesenna,061103
San Marco Evangelista,061104
Airola,062001
Amorosi,062002
Apice,062003
Apollosa,062004
Arpaia,062005
Arpaise,062006
Baselice,062007
Benevento,062008
Bonea,062009
Bucciano,062010
Buonalbergo,062011
Calvi,062012
Campolattaro,062013
Campoli del Monte Taburno,062014
Casalduni,062015
Castelfranco in Miscano,062016
Castelpagano,062017
Castelpoto,062018
Castelvenere,062019
Castelvetere in Val Fortore,062020
Cautano,062021
Ceppaloni,062022
Cerreto Sannita,062023
Circello,062024
Colle Sannita,062025
Cusano Mutri,062026
Dugenta,062027
Durazzano,062028
Faicchio,062029
Foglianise,062030
Foiano di Val Fortore,062031
Forchia,062032
Fragneto l'Abate,062033
Fragneto Monforte,062034
Frasso Telesino,062035
Ginestra degli Schiavoni,062036
Guardia Sanframondi,062037
Limatola,062038
Melizzano,062039
Moiano,062040
Molinara,062041
Montefalcone di Val Fortore,062042
Montesarchio,062043
Morcone,062044
Paduli,062045
Pago Veiano,062046
Pannarano,062047
Paolisi,062048
Paupisi,062049
Pesco Sannita,062050
Pietraroja,062051
Pietrelcina,062052
Ponte,062053
Pontelandolfo,062054
Puglianello,062055
Reino,062056
San Bartolomeo in Galdo,062057
San Giorgio del Sannio,062058
San Giorgio La Molara,062059
San Leucio del Sannio,062060
San Lorenzello,062061
San Lorenzo Maggiore,062062
San Lupo,062063
San Marco dei Cavoti,062064
San Martino Sannita,062065
San Nazzaro,062066
San Nicola Manfredi,062067
San Salvatore Telesino,062068
Santa Croce del Sannio,062069
Sant'Agata de' Goti,062070
Sant'Angelo a Cupolo,062071
Sassinoro,062072
Solopaca,062073
Telese Terme,062074
Tocco Caudio,062075
Torrecuso,062076
Vitulano,062077
Sant'Arcangelo Trimonte,062078
Acerra,063001
Afragola,063002
Agerola,063003
Anacapri,063004
Arzano,063005
Bacoli,063006
Barano d'Ischia,063007
Boscoreale,063008
Boscotrecase,063009
Brusciano,063010
Caivano,063011
Calvizzano,063012
Camposano,063013
Capri,063014
Carbonara di Nola,063015
Cardito,063016
Casalnuovo di Napoli,063017
Casamarciano,063018
Casamicciola Terme,063019
Casandrino,063020
Casavatore,063021
Casola di Napoli,063022
Casoria,063023
Castellammare di Stabia,063024
Castello di Cisterna,063025
Cercola,063026
Cicciano,063027
Cimitile,063028
Comiziano,063029
Crispano,063030
Forio,063031
Frattamaggiore,063032
Frattaminore,063033
Giugliano in Campania,063034
Gragnano,063035
Grumo Nevano,063036
Ischia,063037
Lacco Ameno,063038
Lettere,063039
Liveri,063040
Marano di Napoli,063041
Mariglianella,063042
Marigliano,063043
Massa Lubrense,063044
Melito di Napoli,063045
Meta,063046
Monte di Procida,063047
Mugnano di Napoli,063048
Napoli,063049
Nola,063050
Ottaviano,063051
Palma Campania,063052
Piano di Sorrento,063053
Pimonte,063054
Poggiomarino,063055
Pollena Trocchia,063056
Pomigliano d'Arco,063057
Pompei,063058
Portici,063059
Pozzuoli,063060
Procida,063061
Qualiano,063062
Quarto,063063
Ercolano,063064
Roccarainola,063065
San Gennaro Vesuviano,063066
San Giorgio a Cremano,063067
San Giuseppe Vesuviano,063068
San Paolo Bel Sito,063069
San Sebastiano al Vesuvio,063070
Sant'Agnello,063071
Sant'Anastasia,063072
Sant'Antimo,063073
Sant'Antonio Abate,063074
San Vitaliano,063075
Saviano,063076
Scisciano,063077
Serrara Fontana,063078
Somma Vesuviana,063079
Sorrento,063080
Striano,063081
Terzigno,063082
Torre Annunziata,063083
Torre del Greco,063084
Tufino,063085
Vico Equense,063086
Villaricca,063087
Visciano,063088
Volla,063089
Santa Maria la Carità,063090
Trecase,063091
Massa di Somma,063092
Aiello del Sabato,064001
Altavilla Irpina,064002
Andretta,064003
Aquilonia,064004
Ariano Irpino,064005
Atripalda,064006
Avella,064007
Avellino,064008
Bagnoli Irpino,064009
Baiano,064010
Bisaccia,064011
Bonito,064012
Cairano,064013
Calabritto,064014
Calitri,064015
Candida,064016
Caposele,064017
Capriglia Irpina,064018
Carife,064019
Casalbore,064020
Cassano Irpino,064021
Castel Baronia,064022
Castelfranci,064023
Castelvetere sul Calore,064024
Cervinara,064025
Cesinali,064026
Chianche,064027
Chiusano di San Domenico,064028
Contrada,064029
Conza della Campania,064030
Domicella,064031
Flumeri,064032
Fontanarosa,064033
Forino,064034
Frigento,064035
Gesualdo,064036
Greci,064037
Grottaminarda,064038
Grottolella,064039
Guardia Lombardi,064040
Lacedonia,064041
Lapio,064042
Lauro,064043
Lioni,064044
Luogosano,064045
Manocalzati,064046
Marzano di Nola,064047
Melito Irpino,064048
Mercogliano,064049
Mirabella Eclano,064050
Montaguto,064051
Montecalvo Irpino,064052
Montefalcione,064053
Monteforte Irpino,064054
Montefredane,064055
Montefusco,064056
Montella,064057
Montemarano,064058
Montemiletto,064059
Monteverde,064060
Morra De Sanctis,064063
Moschiano,064064
Mugnano del Cardinale,064065
Nusco,064066
Ospedaletto d'Alpinolo,064067
Pago del Vallo di Lauro,064068
Parolise,064069
Paternopoli,064070
Petruro Irpino,064071
Pietradefusi,064072
Pietrastornina,064073
Prata di Principato Ultra,064074
Pratola Serra,064075
Quadrelle,064076
Quindici,064077
Roccabascerana,064078
Rocca San Felice,064079
Rotondi,064080
Salza Irpina,064081
San Mango sul Calore,064082
San Martino Valle Caudina,064083
San Michele di Serino,064084
San Nicola Baronia,064085
San Potito Ultra,064086
San Sossio Baronia,064087
Santa Lucia di Serino,064088
Sant'Andrea di Conza,064089
Sant'Angelo all'Esca,064090
Sant'Angelo a Scala,064091
Sant'Angelo dei Lombardi,064092
Santa Paolina,064093
Santo Stefano del Sole,064095
Savignano Irpino,064096
Scampitella,064097
Senerchia,064098
Serino,064099
Sirignano,064100
Solofra,064101
Sorbo Serpico,064102
Sperone,064103
Sturno,064104
Summonte,064105
Taurano,064106
Taurasi,064107
Teora,064108
Torella dei Lombardi,064109
Torre Le Nocelle,064110
Torrioni,064111
Trevico,064112
Tufo,064113
Vallata,064114
Vallesaccarda,064115
Venticano,064116
Villamaina,064117
Villanova del Battista,064118
Volturara Irpina,064119
Zungoli,064120
Montoro,064121
Acerno,065001
Agropoli,065002
Albanella,065003
Alfano,065004
Altavilla Silentina,065005
Amalfi,065006
Angri,065007
Aquara,065008
Ascea,065009
Atena Lucana,065010
Atrani,065011
Auletta,065012
Baronissi,065013
Battipaglia,065014
Bellosguardo,065015
Bracigliano,065016
Buccino,065017
Buonabitacolo,065018
Caggiano,065019
Calvanico,065020
Camerota,065021
Campagna,065022
Campora,065023
Cannalonga,065024
Capaccio Paestum,065025
Casalbuono,065026
Casaletto Spartano,065027
Casal Velino,065028
Caselle in Pittari,065029
Castelcivita,065030
Castellabate,065031
Castelnuovo Cilento,065032
Castelnuovo di Conza,065033
Castel San Giorgio,065034
Castel San Lorenzo,065035
Castiglione del Genovesi,065036
Cava de' Tirreni,065037
Celle di Bulgheria,065038
Centola,065039
Ceraso,065040
Cetara,065041
Cicerale,065042
Colliano,065043
Conca dei Marini,065044
Controne,065045
Contursi Terme,065046
Corbara,065047
Corleto Monforte,065048
Cuccaro Vetere,065049
Eboli,065050
Felitto,065051
Fisciano,065052
Furore,065053
Futani,065054
Giffoni Sei Casali,065055
Giffoni Valle Piana,065056
Gioi,065057
Giungano,065058
Ispani,065059
Laureana Cilento,065060
Laurino,065061
Laurito,065062
Laviano,065063
Lustra,065064
Magliano Vetere,065065
Maiori,065066
Mercato San Severino,065067
Minori,065068
Moio della Civitella,065069
Montano Antilia,065070
Montecorice,065071
Montecorvino Pugliano,065072
Montecorvino Rovella,065073
Monteforte Cilento,065074
Monte San Giacomo,065075
Montesano sulla Marcellana,065076
Morigerati,065077
Nocera Inferiore,065078
Nocera Superiore,065079
Novi Velia,065080
Ogliastro Cilento,065081
Olevano sul Tusciano,065082
Oliveto Citra,065083
Omignano,065084
Orria,065085
Ottati,065086
Padula,065087
Pagani,065088
Palomonte,065089
Pellezzano,065090
Perdifumo,065091
Perito,065092
Pertosa,065093
Petina,065094
Piaggine,065095
Pisciotta,065096
Polla,065097
Pollica,065098
Pontecagnano Faiano,065099
Positano,065100
Postiglione,065101
Praiano,065102
Prignano Cilento,065103
Ravello,065104
Ricigliano,065105
Roccadaspide,065106
Roccagloriosa,065107
Roccapiemonte,065108
Rofrano,065109
Romagnano al Monte,065110
Roscigno,065111
Rutino,065112
Sacco,065113
Sala Consilina,065114
Salento,065115
Salerno,065116
Salvitelle,065117
San Cipriano Picentino,065118
San Giovanni a Piro,065119
San Gregorio Magno,065120
San Mango Piemonte,065121
San Marzano sul Sarno,065122
San Mauro Cilento,065123
San Mauro la Bruca,065124
San Pietro al Tanagro,065125
San Rufo,065126
Santa Marina,065127
Sant'Angelo a Fasanella,065128
Sant'Arsenio,065129
Sant'Egidio del Monte Albino,065130
Santomenna,065131
San Valentino Torio,065132
Sanza,065133
Sapri,065134
Sarno,065135
Sassano,065136
Scafati,065137
Scala,065138
Serramezzana,065139
Serre,065140
Sessa Cilento,065141
Siano,065142
Sicignano degli Alburni,065143
Stella Cilento,065144
Stio,065145
Teggiano,065146
Torchiara,065147
Torraca,065148
Torre Orsaia,065149
Tortorella,065150
Tramonti,065151
Trentinara,065152
Valle dell'Angelo,065153
Vallo della Lucania,065154
Valva,065155
Vibonati,065156
Vietri sul Mare,065157
Bellizzi,065158
Acciano,066001
Aielli,066002
Alfedena,066003
Anversa degli Abruzzi,066004
Ateleta,066005
Avezzano,066006
Balsorano,066007
Barete,066008
Barisciano,066009
Barrea,066010
Bisegna,066011
Bugnara,066012
Cagnano Amiterno,066013
Calascio,066014
Campo di Giove,066015
Campotosto,066016
Canistro,066017
Cansano,066018
Capestrano,066019
Capistrello,066020
Capitignano,066021
Caporciano,066022
Cappadocia,066023
Carapelle Calvisio,066024
Carsoli,066025
Castel del Monte,066026
Castel di Ieri,066027
Castel di Sangro,066028
Castellafiume,066029
Castelvecchio Calvisio,066030
Castelvecchio Subequo,066031
Celano,066032
Cerchio,066033
Civita d'Antino,066034
Civitella Alfedena,066035
Civitella Roveto,066036
Cocullo,066037
Collarmele,066038
Collelongo,066039
Collepietro,066040
Corfinio,066041
Fagnano Alto,066042
Fontecchio,066043
Fossa,066044
Gagliano Aterno,066045
Gioia dei Marsi,066046
Goriano Sicoli,066047
Introdacqua,066048
L'Aquila,066049
Lecce nei Marsi,066050
Luco dei Marsi,066051
Lucoli,066052
Magliano de' Marsi,066053
Massa d'Albe,066054
Molina Aterno,066055
Montereale,066056
Morino,066057
Navelli,066058
Ocre,066059
Ofena,066060
Opi,066061
Oricola,066062
Ortona dei Marsi,066063
Ortucchio,066064
Ovindoli,066065
Pacentro,066066
Pereto,066067
Pescasseroli,066068
Pescina,066069
Pescocostanzo,066070
Pettorano sul Gizio,066071
Pizzoli,066072
Poggio Picenze,066073
Prata d'Ansidonia,066074
Pratola Peligna,066075
Prezza,066076
Raiano,066077
Rivisondoli,066078
Roccacasale,066079
Rocca di Botte,066080
Rocca di Cambio,066081
Rocca di Mezzo,066082
Rocca Pia,066083
Roccaraso,066084
San Benedetto dei Marsi,066085
San Benedetto in Perillis,066086
San Demetrio ne' Vestini,066087
San Pio delle Camere,066088
Sante Marie,066089
Sant'Eusanio Forconese,066090
Santo Stefano di Sessanio,066091
San Vincenzo Valle Roveto,066092
Scanno,066093
Scontrone,066094
Scoppito,066095
Scurcola Marsicana,066096
Secinaro,066097
Sulmona,066098
Tagliacozzo,066099
Tione degli Abruzzi,066100
Tornimparte,066101
Trasacco,066102
Villalago,066103
Villa Santa Lucia degli Abruzzi,066104
Villa Sant'Angelo,066105
Villavallelonga,066106
Villetta Barrea,066107
Vittorito,066108
Alba Adriatica,067001
Ancarano,067002
Arsita,067003
Atri,067004
Basciano,067005
Bellante,067006
Bisenti,067007
Campli,067008
Canzano,067009
Castel Castagna,067010
Castellalto,067011
Castelli,067012
Castiglione Messer Raimondo,067013
Castilenti,067014
Cellino Attanasio,067015
Cermignano,067016
Civitella del Tronto,067017
Colledara,067018
Colonnella,067019
Controguerra,067020
Corropoli,067021
Cortino,067022
Crognaleto,067023
Fano Adriano,067024
Giulianova,067025
Isola del Gran Sasso d'Italia,067026
Montefino,067027
Montorio al Vomano,067028
Morro d'Oro,067029
Mosciano Sant'Angelo,067030
Nereto,067031
Notaresco,067032
Penna Sant'Andrea,067033
Pietracamela,067034
Pineto,067035
Rocca Santa Maria,067036
Roseto degli Abruzzi,067037
Sant'Egidio alla Vibrata,067038
Sant'Omero,067039
Silvi,067040
Teramo,067041
Torano Nuovo,067042
Torricella Sicura,067043
Tortoreto,067044
Tossicia,067045
Valle Castellana,067046
Martinsicuro,067047
Abbateggio,068001
Alanno,068002
Bolognano,068003
Brittoli,068004
Bussi sul Tirino,068005
Cappelle sul Tavo,068006
Caramanico Terme,068007
Carpineto della Nora,068008
Castiglione a Casauria,068009
Catignano,068010
Cepagatti,068011
Città Sant'Angelo,068012
Civitaquana,068013
Civitella Casanova,068014
Collecorvino,068015
Corvara,068016
Cugnoli,068017
Elice,068018
Farindola,068019
Lettomanoppello,068020
Loreto Aprutino,068021
Manoppello,068022
Montebello di Bertona,068023
Montesilvano,068024
Moscufo,068025
Nocciano,068026
Penne,068027
Pescara,068028
Pescosansonesco,068029
Pianella,068030
Picciano,068031
Pietranico,068032
Popoli Terme,068033
Roccamorice,068034
Rosciano,068035
Salle,068036
Sant'Eufemia a Maiella,068037
San Valentino in Abruzzo Citeriore,068038
Scafa,068039
Serramonacesca,068040
Spoltore,068041
Tocco da Casauria,068042
Torre de' Passeri,068043
Turrivalignani,068044
Vicoli,068045
Villa Celiera,068046
Altino,069001
Archi,069002
Ari,069003
Arielli,069004
Atessa,069005
Bomba,069006
Borrello,069007
Bucchianico,069008
Montebello sul Sangro,069009
Canosa Sannita,069010
Carpineto Sinello,069011
Carunchio,069012
Casacanditella,069013
Casalanguida,069014
Casalbordino,069015
Casalincontrada,069016
Casoli,069017
Castel Frentano,069018
Castelguidone,069019
Castiglione Messer Marino,069020
Celenza sul Trigno,069021
Chieti,069022
Civitaluparella,069023
Civitella Messer Raimondo,069024
Colledimacine,069025
Colledimezzo,069026
Crecchio,069027
Cupello,069028
Dogliola,069029
Fara Filiorum Petri,069030
Fara San Martino,069031
Filetto,069032
Fossacesia,069033
Fraine,069034
Francavilla al Mare,069035
Fresagrandinaria,069036
Frisa,069037
Furci,069038
Gamberale,069039
Gessopalena,069040
Gissi,069041
Giuliano Teatino,069042
Guardiagrele,069043
Guilmi,069044
Lama dei Peligni,069045
Lanciano,069046
Lentella,069047
Lettopalena,069048
Liscia,069049
Miglianico,069050
Montazzoli,069051
Monteferrante,069052
Montelapiano,069053
Montenerodomo,069054
Monteodorisio,069055
Mozzagrogna,069056
Orsogna,069057
Ortona,069058
Paglieta,069059
Palena,069060
Palmoli,069061
Palombaro,069062
Pennadomo,069063
Pennapiedimonte,069064
Perano,069065
Pizzoferrato,069066
Poggiofiorito,069067
Pollutri,069068
Pretoro,069069
Quadri,069070
Rapino,069071
Ripa Teatina,069072
Roccamontepiano,069073
Rocca San Giovanni,069074
Roccascalegna,069075
Roccaspinalveti,069076
Roio del Sangro,069077
Rosello,069078
San Buono,069079
San Giovanni Lipioni,069080
San Giovanni Teatino,069081
San Martino sulla Marrucina,069082
San Salvo,069083
Santa Maria Imbaro,069084
Sant'Eusanio del Sangro,069085
San Vito Chietino,069086
Scerni,069087
Schiavi di Abruzzo,069088
Taranta Peligna,069089
Tollo,069090
Torino di Sangro,069091
Tornareccio,069092
Torrebruna,069093
Torrevecchia Teatina,069094
Torricella Peligna,069095
Treglio,069096
Tufillo,069097
Vacri,069098
Vasto,069099
Villalfonsina,069100
Villamagna,069101
Villa Santa Maria,069102
Pietraferrazzana,069103
Fallo,069104
Acquaviva Collecroce,070001
Baranello,070002
Bojano,070003
Bonefro,070004
Busso,070005
Campobasso,070006
Campochiaro,070007
Campodipietra,070008
Campolieto,070009
Campomarino,070010
Casacalenda,070011
Casalciprano,070012
Castelbottaccio,070013
Castellino del Biferno,070014
Castelmauro,070015
Castropignano,070016
Cercemaggiore,070017
Cercepiccola,070018
Civitacampomarano,070019
Colle d'Anchise,070020
Colletorto,070021
Duronia,070022
Ferrazzano,070023
Fossalto,070024
Gambatesa,070025
Gildone,070026
Guardialfiera,070027
Guardiaregia,070028
Guglionesi,070029
Jelsi,070030
Larino,070031
Limosano,070032
Lucito,070033
Lupara,070034
Macchia Valfortore,070035
Mafalda,070036
Matrice,070037
Mirabello Sannitico,070038
Molise,070039
Monacilioni,070040
Montagano,070041
Montecilfone,070042
Montefalcone nel Sannio,070043
Montelongo,070044
Montemitro,070045
Montenero di Bisaccia,070046
Montorio nei Frentani,070047
Morrone del Sannio,070048
Oratino,070049
Palata,070050
Petacciato,070051
Petrella Tifernina,070052
Pietracatella,070053
Pietracupa,070054
Portocannone,070055
Provvidenti,070056
Riccia,070057
Ripabottoni,070058
Ripalimosani,070059
Roccavivara,070060
Rotello,070061
Salcito,070062
San Biase,070063
San Felice del Molise,070064
San Giacomo degli Schiavoni,070065
San Giovanni in Galdo,070066
San Giuliano del Sannio,070067
San Giuliano di Puglia,070068
San Martino in Pensilis,070069
San Massimo,070070
San Polo Matese,070071
Santa Croce di Magliano,070072
Sant'Angelo Limosano,070073
Sant'Elia a Pianisi,070074
Sepino,070075
Spinete,070076
Tavenna,070077
Termoli,070078
Torella del Sannio,070079
Toro,070080
Trivento,070081
Tufara,070082
Ururi,070083
Vinchiaturo,070084
Accadia,071001
Alberona,071002
Anzano di Puglia,071003
Apricena,071004
Ascoli Satriano,071005
Biccari,071006
Bovino,071007
Cagnano Varano,071008
Candela,071009
Carapelle,071010
Carlantino,071011
Carpino,071012
Casalnuovo Monterotaro,071013
Casalvecchio di Puglia,071014
Castelluccio dei Sauri,071015
Castelluccio Valmaggiore,071016
Castelnuovo della Daunia,071017
Celenza Valfortore,071018
Celle di San Vito,071019
Cerignola,071020
Chieuti,071021
Deliceto,071022
Faeto,071023
Foggia,071024
Ischitella,071025
Isole Tremiti,071026
Lesina,071027
Lucera,071028
Manfredonia,071029
Mattinata,071031
Monteleone di Puglia,071032
Monte Sant'Angelo,071033
Motta Montecorvino,071034
Orsara di Puglia,071035
Orta Nova,071036
Panni,071037
Peschici,071038
Pietramontecorvino,071039
Poggio Imperiale,071040
Rignano Garganico,071041
Rocchetta Sant'Antonio,071042
Rodi Garganico,071043
Roseto Valfortore,071044
San Giovanni Rotondo,071046
San Marco in Lamis,071047
San Marco la Catola,071048
San Nicandro Garganico,071049
San Paolo di Civitate,071050
San Severo,071051
Sant'Agata di Puglia,071052
Serracapriola,071053
Stornara,071054
Stornarella,071055
Torremaggiore,071056
Troia,071058
Vico del Gargano,071059
Vieste,071060
Volturara Appula,071061
Volturino,071062
Ordona,071063
Zapponeta,071064
Acquaviva delle Fonti,072001
Adelfia,072002
Alberobello,072003
Altamura,072004
Bari,072006
Binetto,072008
Bitetto,072010
Bitonto,072011
Bitritto,072012
Capurso,072014
Casamassima,072015
Cassano delle Murge,072016
Castellana Grotte,072017
Cellamare,072018
Conversano,072019
Corato,072020
Gioia del Colle,072021
Giovinazzo,072022
Gravina in Puglia,072023
Grumo Appula,072024
Locorotondo,072025
Modugno,072027
Mola di Bari,072028
Molfetta,072029
Monopoli,072030
Noci,072031
Noicattaro,072032
Palo del Colle,072033
Poggiorsini,072034
Polignano a Mare,072035
Putignano,072036
Rutigliano,072037
Ruvo di Puglia,072038
Sammichele di Bari,072039
Sannicandro di Bari,072040
Santeramo in Colle,072041
Terlizzi,072043
Toritto,072044
Triggiano,072046
Turi,072047
Valenzano,072048
Avetrana,073001
Carosino,073002
Castellaneta,073003
Crispiano,073004
Faggiano,073005
Fragagnano,073006
Ginosa,073007
Grottaglie,073008
Laterza,073009
Leporano,073010
Lizzano,073011
Manduria,073012
Martina Franca,073013
Maruggio,073014
Massafra,073015
Monteiasi,073016
Montemesola,073017
Monteparano,073018
Mottola,073019
Palagianello,073020
Palagiano,073021
Pulsano,073022
Roccaforzata,073023
San Giorgio Ionico,073024
San Marzano di San Giuseppe,073025
Sava,073026
Taranto,073027
Torricella,073028
Statte,073029
Brindisi,074001
Carovigno,074002
Ceglie Messapica,074003
Cellino San Marco,074004
Cisternino,074005
Erchie,074006
Fasano,074007
Francavilla Fontana,074008
Latiano,074009
Mesagne,074010
Oria,074011
Ostuni,074012
San Donaci,074013
San Michele Salentino,074014
San Pancrazio Salentino,074015
San Pietro Vernotico,074016
San Vito dei Normanni,074017
Torchiarolo,074018
Torre Santa Susanna,074019
Villa Castelli,074020
Alessano,075002
Alezio,075003
Alliste,075004
Andrano,075005
Aradeo,075006
Arnesano,075007
Bagnolo del Salento,075008
Botrugno,075009
Calimera,075010
Campi Salentina,075011
Cannole,075012
Caprarica di Lecce,075013
Carmiano,075014
Carpignano Salentino,075015
Casarano,075016
Castri di Lecce,075017
Castrignano de' Greci,075018
Castrignano del Capo,075019
Cavallino,075020
Collepasso,075021
Copertino,075022
Corigliano d'Otranto,075023
Corsano,075024
Cursi,075025
Cutrofiano,075026
Diso,075027
Gagliano del Capo,075028
Galatina,075029
Galatone,075030
Gallipoli,075031
Giuggianello,075032
Giurdignano,075033
Guagnano,075034
Lecce,075035
Lequile,075036
Leverano,075037
Lizzanello,075038
Maglie,075039
Martano,075040
Martignano,075041
Matino,075042
Melendugno,075043
Melissano,075044
Melpignano,075045
Miggiano,075046
Minervino di Lecce,075047
Monteroni di Lecce,075048
Montesano Salentino,075049
Morciano di Leuca,075050
Muro Leccese,075051
Nardò,075052
Neviano,075053
Nociglia,075054
Novoli,075055
Ortelle,075056
Otranto,075057
Palmariggi,075058
Parabita,075059
Patù,075060
Poggiardo,075061
Racale,075063
Ruffano,075064
Salice Salentino,075065
Salve,075066
Sanarica,075067
San Cesario di Lecce,075068
San Donato di Lecce,075069
Sannicola,075070
San Pietro in Lama,075071
Santa Cesarea Terme,075072
Scorrano,075073
Seclì,075074
Sogliano Cavour,075075
Soleto,075076
Specchia,075077
Spongano,075078
Squinzano,075079
Sternatia,075080
Supersano,075081
Surano,075082
Surbo,075083
Taurisano,075084
Taviano,075085
Tiggiano,075086
Trepuzzi,075087
Tricase,075088
Tuglie,075089
Ugento,075090
Uggiano la Chiesa,075091
Veglie,075092
Vernole,075093
Zollino,075094
San Cassiano,075095
Castro,075096
Porto Cesareo,075097
Presicce-Acquarica,075098
Abriola,076001
Acerenza,076002
Albano di Lucania,076003
Anzi,076004
Armento,076005
Atella,076006
Avigliano,076007
Balvano,076008
Banzi,076009
Baragiano,076010
Barile,076011
Bella,076012
Brienza,076013
Brindisi Montagna,076014
Calvello,076015
Calvera,076016
Campomaggiore,076017
Cancellara,076018
Carbone,076019
San Paolo Albanese,076020
Castelgrande,076021
Castelluccio Inferiore,076022
Castelluccio Superiore,076023
Castelmezzano,076024
Castelsaraceno,076025
Castronuovo di Sant'Andrea,076026
Cersosimo,076027
Chiaromonte,076028
Corleto Perticara,076029
Episcopia,076030
Fardella,076031
Filiano,076032
Forenza,076033
Francavilla in Sinni,076034
Gallicchio,076035
Genzano di Lucania,076036
Grumento Nova,076037
Guardia Perticara,076038
Lagonegro,076039
Latronico,076040
Laurenzana,076041
Lauria,076042
Lavello,076043
Maratea,076044
Marsico Nuovo,076045
Marsicovetere,076046
Maschito,076047
Melfi,076048
Missanello,076049
Moliterno,076050
Montemilone,076051
Montemurro,076052
Muro Lucano,076053
Nemoli,076054
Noepoli,076055
Oppido Lucano,076056
Palazzo San Gervasio,076057
Pescopagano,076058
Picerno,076059
Pietragalla,076060
Pietrapertosa,076061
Pignola,076062
Potenza,076063
Rapolla,076064
Rapone,076065
Rionero in Vulture,076066
Ripacandida,076067
Rivello,076068
Roccanova,076069
Rotonda,076070
Ruoti,076071
Ruvo del Monte,076072
San Chirico Nuovo,076073
San Chirico Raparo,076074
San Costantino Albanese,076075
San Fele,076076
San Martino d'Agri,076077
San Severino Lucano,076078
Sant'Angelo Le Fratte,076079
Sant'Arcangelo,076080
Sarconi,076081
Sasso di Castalda,076082
Satriano di Lucania,076083
Savoia di Lucania,076084
Senise,076085
Spinoso,076086
Teana,076087
Terranova di Pollino,076088
Tito,076089
Tolve,076090
Tramutola,076091
Trecchina,076092
Trivigno,076093
Vaglio Basilicata,076094
Venosa,076095
Vietri di Potenza,076096
Viggianello,076097
Viggiano,076098
Ginestra,076099
Paterno,076100
Accettura,077001
Aliano,077002
Bernalda,077003
Calciano,077004
Cirigliano,077005
Colobraro,077006
Craco,077007
Ferrandina,077008
Garaguso,077009
Gorgoglione,077010
Grassano,077011
Grottole,077012
Irsina,077013
Matera,077014
Miglionico,077015
Montalbano Jonico,077016
Montescaglioso,077017
Nova Siri,077018
Oliveto Lucano,077019
Pisticci,077020
Policoro,077021
Pomarico,077022
Rotondella,077023
Salandra,077024
San Giorgio Lucano,077025
San Mauro Forte,077026
Stigliano,077027
Tricarico,077028
Tursi,077029
Valsinni,077030
Scanzano Jonico,077031
Acquaformosa,078001
Acquappesa,078002
Acri,078003
Aiello Calabro,078004
Aieta,078005
Albidona,078006
Alessandria del Carretto,078007
Altilia,078008
Altomonte,078009
Amantea,078010
Amendolara,078011
Aprigliano,078012
Belmonte Calabro,078013
Belsito,078014
Belvedere Marittimo,078015
Bianchi,078016
Bisignano,078017
Bocchigliero,078018
Bonifati,078019
Buonvicino,078020
Calopezzati,078021
Caloveto,078022
Campana,078023
Canna,078024
Cariati,078025
Carolei,078026
Carpanzano,078027
Cassano all'Ionio,078029
Castiglione Cosentino,078030
Castrolibero,078031
Castroregio,078032
Castrovillari,078033
Celico,078034
Cellara,078035
Cerchiara di Calabria,078036
Cerisano,078037
Cervicati,078038
Cerzeto,078039
Cetraro,078040
Civita,078041
Cleto,078042
Colosimi,078043
Cosenza,078045
Cropalati,078046
Crosia,078047
Diamante,078048
Dipignano,078049
Domanico,078050
Fagnano Castello,078051
Falconara Albanese,078052
Figline Vegliaturo,078053
Firmo,078054
Fiumefreddo Bruzio,078055
Francavilla Marittima,078056
Frascineto,078057
Fuscaldo,078058
Grimaldi,078059
Grisolia,078060
Guardia Piemontese,078061
Lago,078062
Laino Borgo,078063
Laino Castello,078064
Lappano,078065
Lattarico,078066
Longobardi,078067
Longobucco,078068
Lungro,078069
Luzzi,078070
Maierà,078071
Malito,078072
Malvito,078073
Mandatoriccio,078074
Mangone,078075
Marano Marchesato,078076
Marano Principato,078077
Marzi,078078
Mendicino,078079
Mongrassano,078080
Montalto Uffugo,078081
Montegiordano,078082
Morano Calabro,078083
Mormanno,078084
Mottafollone,078085
Nocara,078086
Oriolo,078087
Orsomarso,078088
Paludi,078089
Panettieri,078090
Paola,078091
Papasidero,078092
Parenti,078093
Paterno Calabro,078094
Pedivigliano,078096
Piane Crati,078097
Pietrafitta,078098
Pietrapaola,078099
Plataci,078100
Praia a Mare,078101
Rende,078102
Rocca Imperiale,078103
Roggiano Gravina,078104
Rogliano,078105
Rose,078106
Roseto Capo Spulico,078107
Rota Greca,078109
Rovito,078110
San Basile,078111
San Benedetto Ullano,078112
San Cosmo Albanese,078113
San Demetrio Corone,078114
San Donato di Ninea,078115
San Fili,078116
Sangineto,078117
San Giorgio Albanese,078118
San Giovanni in Fiore,078119
San Lorenzo Bellizzi,078120
San Lorenzo del Vallo,078121
San Lucido,078122
San Marco Argentano,078123
San Martino di Finita,078124
San Nicola Arcella,078125
San Pietro in Amantea,078126
San Pietro in Guarano,078127
San Sosti,078128
Santa Caterina Albanese,078129
Santa Domenica Talao,078130
Sant'Agata di Esaro,078131
Santa Maria del Cedro,078132
Santa Sofia d'Epiro,078133
Santo Stefano di Rogliano,078134
San Vincenzo La Costa,078135
Saracena,078136
Scala Coeli,078137
Scalea,078138
Scigliano,078139
Serra d'Aiello,078140
Spezzano Albanese,078142
Spezzano della Sila,078143
Tarsia,078145
Terranova da Sibari,078146
Terravecchia,078147
Torano Castello,078148
Tortora,078149
Trebisacce,078150
Vaccarizzo Albanese,078152
Verbicaro,078153
Villapiana,078154
Zumpano,078155
Casali del Manco,078156
Corigliano-Rossano,078157
Albi,079002
Amaroni,079003
Amato,079004
Andali,079005
Argusto,079007
Badolato,079008
Belcastro,079009
Borgia,079011
Botricello,079012
Caraffa di Catanzaro,079017
Cardinale,079018
Carlopoli,079020
Catanzaro,079023
Cenadi,079024
Centrache,079025
Cerva,079027
Chiaravalle Centrale,079029
Cicala,079030
Conflenti,079033
Cortale,079034
Cropani,079036
Curinga,079039
Davoli,079042
Decollatura,079043
Falerna,079047
Feroleto Antico,079048
Fossato Serralta,079052
Gagliato,079055
Gasperina,079056
Gimigliano,079058
Girifalco,079059
Gizzeria,079060
Guardavalle,079061
Isca sullo Ionio,079063
Jacurso,079065
Magisano,079068
Maida,079069
Marcedusa,079071
Marcellinara,079072
Martirano,079073
Martirano Lombardo,079074
Miglierina,079077
Montauro,079080
Montepaone,079081
Motta Santa Lucia,079083
Nocera Terinese,079087
Olivadi,079088
Palermiti,079089
Pentone,079092
Petrizzi,079094
Petronà,079095
Pianopoli,079096
Platania,079099
San Floro,079108
San Mango d'Aquino,079110
San Pietro a Maida,079114
San Pietro Apostolo,079115
San Sostene,079116
Santa Caterina dello Ionio,079117
Sant'Andrea Apostolo dello Ionio,079118
San Vito sullo Ionio,079122
Satriano,079123
Sellia,079126
Sellia Marina,079127
Serrastretta,079129
Sersale,079130
Settingiano,079131
Simeri Crichi,079133
Sorbo San Basile,079134
Soverato,079137
Soveria Mannelli,079138
Soveria Simeri,079139
Squillace,079142
Stalettì,079143
Taverna,079146
Tiriolo,079147
Torre di Ruggiero,079148
Vallefiorita,079151
Zagarise,079157
Lamezia Terme,079160
Africo,080001
Agnana Calabra,080002
Anoia,080003
Antonimina,080004
Ardore,080005
Bagaladi,080006
Bagnara Calabra,080007
Benestare,080008
Bianco,080009
Bivongi,080010
Bova,080011
Bovalino,080012
Bova Marina,080013
Brancaleone,080014
Bruzzano Zeffirio,080015
Calanna,080016
Camini,080017
Campo Calabro,080018
Candidoni,080019
Canolo,080020
Caraffa del Bianco,080021
Cardeto,080022
Careri,080023
Casignana,080024
Caulonia,080025
Ciminà,080026
Cinquefrondi,080027
Cittanova,080028
Condofuri,080029
Cosoleto,080030
Delianuova,080031
Feroleto della Chiesa,080032
Ferruzzano,080033
Fiumara,080034
Galatro,080035
Gerace,080036
Giffone,080037
Gioia Tauro,080038
Gioiosa Ionica,080039
Grotteria,080040
Laganadi,080041
Laureana di Borrello,080042
Locri,080043
Mammola,080044
Marina di Gioiosa Ionica,080045
Maropati,080046
Martone,080047
Melicuccà,080048
Melicucco,080049
Melito di Porto Salvo,080050
Molochio,080051
Monasterace,080052
Montebello Jonico,080053
Motta San Giovanni,080054
Oppido Mamertina,080055
Palizzi,080056
Palmi,080057
Pazzano,080058
Placanica,080059
Platì,080060
Polistena,080061
Portigliola,080062
Reggio di Calabria,080063
Riace,080064
Rizziconi,080065
Roccaforte del Greco,080066
Roccella Ionica,080067
Roghudi,080068
Rosarno,080069
Samo,080070
San Giorgio Morgeto,080071
San Giovanni di Gerace,080072
San Lorenzo,080073
San Luca,080074
San Pietro di Caridà,080075
San Procopio,080076
San Roberto,080077
Santa Cristina d'Aspromonte,080078
Sant'Agata del Bianco,080079
Sant'Alessio in Aspromonte,080080
Sant'Eufemia d'Aspromonte,080081
Sant'Ilario dello Ionio,080082
Santo Stefano in Aspromonte,080083
Scido,080084
Scilla,080085
Seminara,080086
Serrata,080087
Siderno,080088
Sinopoli,080089
Staiti,080090
Stignano,080091
Stilo,080092
Taurianova,080093
Terranova Sappo Minulio,080094
Varapodio,080095
Villa San Giovanni,080096
San Ferdinando,080097
Alcamo,081001
Buseto Palizzolo,081002
Calatafimi-Segesta,081003
Campobello di Mazara,081004
Castellammare del Golfo,081005
Castelvetrano,081006
Custonaci,081007
Erice,081008
Favignana,081009
Gibellina,081010
Marsala,081011
Mazara del Vallo,081012
Paceco,081013
Pantelleria,081014
Partanna,081015
Poggioreale,081016
Salaparuta,081017
Salemi,081018
Santa Ninfa,081019
San Vito Lo Capo,081020
Trapani,081021
Valderice,081022
Vita,081023
Petrosino,081024
Misiliscemi,081025
Alia,082001
Alimena,082002
Aliminusa,082003
Altavilla Milicia,082004
Altofonte,082005
Bagheria,082006
Balestrate,082007
Baucina,082008
Belmonte Mezzagno,082009
Bisacquino,082010
Bolognetta,082011
Bompietro,082012
Borgetto,082013
Caccamo,082014
Caltavuturo,082015
Campofelice di Fitalia,082016
Campofelice di Roccella,082017
Campofiorito,082018
Camporeale,082019
Capaci,082020
Carini,082021
Castelbuono,082022
Casteldaccia,082023
Castellana Sicula,082024
Castronovo di Sicilia,082025
Cefalà Diana,082026
Cefalù,082027
Cerda,082028
Chiusa Sclafani,082029
Ciminna,082030
Cinisi,082031
Collesano,082032
Contessa Entellina,082033
Corleone,082034
Ficarazzi,082035
Gangi,082036
Geraci Siculo,082037
Giardinello,082038
Giuliana,082039
Godrano,082040
Gratteri,082041
Isnello,082042
Isola delle Femmine,082043
Lascari,082044
Lercara Friddi,082045
Marineo,082046
Mezzojuso,082047
Misilmeri,082048
Monreale,082049
Montelepre,082050
Montemaggiore Belsito,082051
Palazzo Adriano,082052
Palermo,082053
Partinico,082054
Petralia Soprana,082055
Petralia Sottana,082056
Piana degli Albanesi,082057
Polizzi Generosa,082058
Pollina,082059
Prizzi,082060
Roccamena,082061
Roccapalumba,082062
San Cipirello,082063
San Giuseppe Jato,082064
San Mauro Castelverde,082065
Santa Cristina Gela,082066
Santa Flavia,082067
Sciara,082068
Sclafani Bagni,082069
Termini Imerese,082070
Terrasini,082071
Torretta,082072
Trabia,082073
Trappeto,082074
Ustica,082075
Valledolmo,082076
Ventimiglia di Sicilia,082077
Vicari,082078
Villabate,082079
Villafrati,082080
Scillato,082081
Blufi,082082
Alcara li Fusi,083001
Alì,083002
Alì Terme,083003
Antillo,083004
Barcellona Pozzo di Gotto,083005
Basicò,083006
Brolo,083007
Capizzi,083008
Capo d'Orlando,083009
Capri Leone,083010
Caronia,083011
Casalvecchio Siculo,083012
Castel di Lucio,083013
Castell'Umberto,083014
Castelmola,083015
Castroreale,083016
Cesarò,083017
Condrò,083018
Falcone,083019
Ficarra,083020
Fiumedinisi,083021
Floresta,083022
Fondachelli-Fantina,083023
Forza d'Agrò,083024
Francavilla di Sicilia,083025
Frazzanò,083026
Furci Siculo,083027
Furnari,083028
Gaggi,083029
Galati Mamertino,083030
Gallodoro,083031
Giardini-Naxos,083032
Gioiosa Marea,083033
Graniti,083034
Gualtieri Sicaminò,083035
Itala,083036
Leni,083037
Letojanni,083038
Librizzi,083039
Limina,083040
Lipari,083041
Longi,083042
Malfa,083043
Malvagna,083044
Mandanici,083045
Mazzarrà Sant'Andrea,083046
Merì,083047
Messina,083048
Milazzo,083049
Militello Rosmarino,083050
Mirto,083051
Mistretta,083052
Moio Alcantara,083053
Monforte San Giorgio,083054
Mongiuffi Melia,083055
Montagnareale,083056
Montalbano Elicona,083057
Motta Camastra,083058
Motta d'Affermo,083059
Naso,083060
Nizza di Sicilia,083061
Novara di Sicilia,083062
Oliveri,083063
Pace del Mela,083064
Pagliara,083065
Patti,083066
Pettineo,083067
Piraino,083068
Raccuja,083069
Reitano,083070
Roccafiorita,083071
Roccalumera,083072
Roccavaldina,083073
Roccella Valdemone,083074
Rodì Milici,083075
Rometta,083076
San Filippo del Mela,083077
San Fratello,083078
San Marco d'Alunzio,083079
San Pier Niceto,083080
San Piero Patti,083081
San Salvatore di Fitalia,083082
Santa Domenica Vittoria,083083
Sant'Agata di Militello,083084
Sant'Alessio Siculo,083085
Santa Lucia del Mela,083086
Santa Marina Salina,083087
Sant'Angelo di Brolo,083088
Santa Teresa di Riva,083089
San Teodoro,083090
Santo Stefano di Camastra,083091
Saponara,083092
Savoca,083093
Scaletta Zanclea,083094
Sinagra,083095
Spadafora,083096
Taormina,083097
Torregrotta,083098
Tortorici,083099
Tripi - Abakainon,083100
Tusa,083101
Ucria,083102
Valdina,083103
Venetico,083104
Villafranca Tirrena,083105
Terme Vigliatore,083106
Acquedolci,083107
Torrenova,083108
Agrigento,084001
Alessandria della Rocca,084002
Aragona,084003
Bivona,084004
Burgio,084005
Calamonaci,084006
Caltabellotta,084007
Camastra,084008
Cammarata,084009
Campobello di Licata,084010
Canicattì,084011
Casteltermini,084012
Castrofilippo,084013
Cattolica Eraclea,084014
Cianciana,084015
Comitini,084016
Favara,084017
Grotte,084018
Joppolo Giancaxio,084019
Lampedusa e Linosa,084020
Licata,084021
Lucca Sicula,084022
Menfi,084023
Montallegro,084024
Montevago,084025
Naro,084026
Palma di Montechiaro,084027
Porto Empedocle,084028
Racalmuto,084029
Raffadali,084030
Ravanusa,084031
Realmonte,084032
Ribera,084033
Sambuca di Sicilia,084034
San Biagio Platani,084035
San Giovanni Gemini,084036
Santa Elisabetta,084037
Santa Margherita di Belice,084038
Sant'Angelo Muxaro,084039
Santo Stefano Quisquina,084040
Sciacca,084041
Siculiana,084042
Villafranca Sicula,084043
Acquaviva Platani,085001
Bompensiere,085002
Butera,085003
Caltanissetta,085004
Campofranco,085005
Delia,085006
Gela,085007
Marianopoli,085008
Mazzarino,085009
Milena,085010
Montedoro,085011
Mussomeli,085012
Niscemi,085013
Resuttano,085014
Riesi,085015
San Cataldo,085016
Santa Caterina Villarmosa,085017
Serradifalco,085018
Sommatino,085019
Sutera,085020
Vallelunga Pratameno,085021
Villalba,085022
Agira,086001
Aidone,086002
Assoro,086003
Barrafranca,086004
Calascibetta,086005
Catenanuova,086006
Centuripe,086007
Cerami,086008
Enna,086009
Gagliano Castelferrato,086010
Leonforte,086011
Nicosia,086012
Nissoria,086013
Piazza Armerina,086014
Pietraperzia,086015
Regalbuto,086016
Sperlinga,086017
Troina,086018
Valguarnera Caropepe,086019
Villarosa,086020
Aci Bonaccorsi,087001
Aci Castello,087002
Aci Catena,087003
Acireale,087004
Aci Sant'Antonio,087005
Adrano,087006
Belpasso,087007
Biancavilla,087008
Bronte,087009
Calatabiano,087010
Caltagirone,087011
Camporotondo Etneo,087012
Castel di Iudica,087013
Castiglione di Sicilia,087014
Catania,087015
Fiumefreddo di Sicilia,087016
Giarre,087017
Grammichele,087018
Gravina di Catania,087019
Licodia Eubea,087020
Linguaglossa,087021
Maletto,087022
Mascali,087023
Mascalucia,087024
Militello in Val di Catania,087025
Milo,087026
Mineo,087027
Mirabella Imbaccari,087028
Misterbianco,087029
Motta Sant'Anastasia,087030
Nicolosi,087031
Palagonia,087032
Paternò,087033
Pedara,087034
Piedimonte Etneo,087035
Raddusa,087036
Ramacca,087037
Randazzo,087038
Riposto,087039
San Cono,087040
San Giovanni la Punta,087041
San Gregorio di Catania,087042
San Michele di Ganzaria,087043
San Pietro Clarenza,087044
Sant'Agata li Battiati,087045
Sant'Alfio,087046
Santa Maria di Licodia,087047
Santa Venerina,087048
Scordia,087049
Trecastagni,087050
Tremestieri Etneo,087051
Valverde,087052
Viagrande,087053
Vizzini,087054
Zafferana Etnea,087055
Mazzarrone,087056
Maniace,087057
Ragalna,087058
Acate,088001
Chiaramonte Gulfi,088002
Comiso,088003
Giarratana,088004
Ispica,088005
Modica,088006
Monterosso Almo,088007
Pozzallo,088008
Ragusa,088009
Santa Croce Camerina,088010
Scicli,088011
Vittoria,088012
Augusta,089001
Avola,089002
Buccheri,089003
Buscemi,089004
Canicattini Bagni,089005
Carlentini,089006
Cassaro,089007
Ferla,089008
Floridia,089009
Francofonte,089010
Lentini,089011
Melilli,089012
Noto,089013
Pachino,089014
Palazzolo Acreide,089015
Rosolini,089016
Siracusa,089017
Solarino,089018
Sortino,089019
Portopalo di Capo Passero,089020
Priolo Gargallo,089021
Andreis,093001
Arba,093002
Aviano,093004
Azzano Decimo,093005
Barcis,093006
Brugnera,093007
Budoia,093008
Caneva,093009
Casarsa della Delizia,093010
Castelnovo del Friuli,093011
Cavasso Nuovo,093012
Chions,093013
Cimolais,093014
Claut,093015
Clauzetto,093016
Cordenons,093017
Cordovado,093018
Erto e Casso,093019
Fanna,093020
Fiume Veneto,093021
Fontanafredda,093022
Frisanco,093024
Maniago,093025
Meduno,093026
Montereale Valcellina,093027
Morsano al Tagliamento,093028
Pasiano di Pordenone,093029
Pinzano al Tagliamento,093030
Polcenigo,093031
Porcia,093032
Pordenone,093033
Prata di Pordenone,093034
Pravisdomini,093035
Roveredo in Piano,093036
Sacile,093037
San Giorgio della Richinvelda,093038
San Martino al Tagliamento,093039
San Quirino,093040
San Vito al Tagliamento,093041
Sequals,093042
Sesto al Reghena,093043
Spilimbergo,093044
Tramonti di Sopra,093045
Tramonti di Sotto,093046
Travesio,093047
Vito d'Asio,093049
Vivaro,093050
Zoppola,093051
Vajont,093052
Valvasone Arzene,093053
Acquaviva d'Isernia,094001
Agnone,094002
Bagnoli del Trigno,094003
Belmonte del Sannio,094004
Cantalupo nel Sannio,094005
Capracotta,094006
Carovilli,094007
Carpinone,094008
Castel del Giudice,094009
Castelpetroso,094010
Castelpizzuto,094011
Castel San Vincenzo,094012
Castelverrino,094013
Cerro al Volturno,094014
Chiauci,094015
Civitanova del Sannio,094016
Colli a Volturno,094017
Conca Casale,094018
Filignano,094019
Forlì del Sannio,094020
Fornelli,094021
Frosolone,094022
Isernia,094023
Longano,094024
Macchia d'Isernia,094025
Macchiagodena,094026
Miranda,094027
Montaquila,094028
Montenero Val Cocchiara,094029
Monteroduni,094030
Pesche,094031
Pescolanciano,094032
Pescopennataro,094033
Pettoranello del Molise,094034
Pietrabbondante,094035
Pizzone,094036
Poggio Sannita,094037
Pozzilli,094038
Rionero Sannitico,094039
Roccamandolfi,094040
Roccasicura,094041
Rocchetta a Volturno,094042
San Pietro Avellana,094043
Sant'Agapito,094044
Santa Maria del Molise,094045
Sant'Angelo del Pesco,094046
Sant'Elena Sannita,094047
Scapoli,094048
Sessano del Molise,094049
Sesto Campano,094050
Vastogirardi,094051
Venafro,094052
Ailoche,096001
Andorno Micca,096002
Benna,096003
Biella,096004
Bioglio,096005
Borriana,096006
Brusnengo,096007
Callabiana,096008
Camandona,096009
Camburzano,096010
Candelo,096012
Caprile,096013
Casapinta,096014
Castelletto Cervo,096015
Cavaglià,096016
Cerrione,096018
Coggiola,096019
Cossato,096020
Crevacuore,096021
Curino,096023
Donato,096024
Dorzano,096025
Gaglianico,096026
Gifflenga,096027
Graglia,096028
Magnano,096030
Massazza,096031
Masserano,096032
Mezzana Mortigliengo,096033
Miagliano,096034
Mongrando,096035
Mottalciata,096037
Muzzano,096038
Netro,096039
Occhieppo Inferiore,096040
Occhieppo Superiore,096041
Pettinengo,096042
Piatto,096043
Piedicavallo,096044
Pollone,096046
Ponderano,096047
Portula,096048
Pralungo,096049
Pray,096050
Ronco Biellese,096053
Roppolo,096054
Rosazza,096055
Sagliano Micca,096056
Sala Biellese,096057
Salussola,096058
Sandigliano,096059
Sordevolo,096063
Sostegno,096064
Strona,096065
Tavigliano,096066
Ternengo,096067
Tollegno,096068
Torrazzo,096069
Valdengo,096071
Vallanzengo,096072
Valle San Nicolao,096074
Veglio,096075
Verrone,096076
Vigliano Biellese,096077
Villa del Bosco,096078
Villanova Biellese,096079
Viverone,096080
Zimone,096081
Zubiena,096082
Zumaglia,096083
Lessona,096085
Campiglia Cervo,096086
Quaregna Cerreto,096087
Valdilana,096088
Abbadia Lariana,097001
Airuno,097002
Annone di Brianza,097003
Ballabio,097004
Barzago,097005
Barzanò,097006
Barzio,097007
Bellano,097008
Bosisio Parini,097009
Brivio,097010
Bulciago,097011
Calco,097012
Calolziocorte,097013
Carenno,097014
Casargo,097015
Casatenovo,097016
Cassago Brianza,097017
Cassina Valsassina,097018
Castello di Brianza,097019
Cernusco Lombardone,097020
Cesana Brianza,097021
Civate,097022
Colico,097023
Colle Brianza,097024
Cortenova,097025
Costa Masnaga,097026
Crandola Valsassina,097027
Cremella,097028
Cremeno,097029
Dervio,097030
Dolzago,097031
Dorio,097032
Ello,097033
Erve,097034
Esino Lario,097035
Galbiate,097036
Garbagnate Monastero,097037
Garlate,097038
Imbersago,097039
Introbio,097040
Lecco,097042
Lierna,097043
Lomagna,097044
Malgrate,097045
Mandello del Lario,097046
Margno,097047
Merate,097048
Missaglia,097049
Moggio,097050
Molteno,097051
Monte Marenzo,097052
Montevecchia,097053
Monticello Brianza,097054
Morterone,097055
Nibionno,097056
Oggiono,097057
Olgiate Molgora,097058
Olginate,097059
Oliveto Lario,097060
Osnago,097061
Paderno d'Adda,097062
Pagnona,097063
Parlasco,097064
Pasturo,097065
Perledo,097067
Pescate,097068
Premana,097069
Primaluna,097070
Robbiate,097071
Rogeno,097072
Santa Maria Hoè,097074
Sirone,097075
Sirtori,097076
Sueglio,097077
Suello,097078
Taceno,097079
Valgreghentino,097082
Valmadrera,097083
Varenna,097084
Vercurago,097086
Viganò,097090
Verderio,097091
La Valletta Brianza,097092
Valvarrone,097093
Abbadia Cerreto,098001
Bertonico,098002
Boffalora d'Adda,098003
Borghetto Lodigiano,098004
Borgo San Giovanni,098005
Brembio,098006
Casaletto Lodigiano,098008
Casalmaiocco,098009
Casalpusterlengo,098010
Caselle Landi,098011
Caselle Lurani,098012
Castelnuovo Bocca d'Adda,098013
Castiglione d'Adda,098014
Castiraga Vidardo,098015
Cavenago d'Adda,098017
Cervignano d'Adda,098018
Codogno,098019
Comazzo,098020
Cornegliano Laudense,098021
Corno Giovine,098022
Cornovecchio,098023
Corte Palasio,098024
Crespiatica,098025
Fombio,098026
Galgagnano,098027
Graffignana,098028
Guardamiglio,098029
Livraga,098030
Lodi,098031
Lodi Vecchio,098032
Maccastorna,098033
Mairago,098034
Maleo,098035
Marudo,098036
Massalengo,098037
Meleti,098038
Merlino,098039
Montanaso Lombardo,098040
Mulazzano,098041
Orio Litta,098042
Ospedaletto Lodigiano,098043
Ossago Lodigiano,098044
Pieve Fissiraga,098045
Salerano sul Lambro,098046
San Fiorano,098047
San Martino in Strada,098048
San Rocco al Porto,098049
Sant'Angelo Lodigiano,098050
Santo Stefano Lodigiano,098051
Secugnago,098052
Senna Lodigiana,098053
Somaglia,098054
Sordio,098055
Tavazzano con Villavesco,098056
Terranova dei Passerini,098057
Turano Lodigiano,098058
Valera Fratta,098059
Villanova del Sillaro,098060
Zelo Buon Persico,098061
Castelgerundo,098062
Bellaria-Igea Marina,099001
Cattolica,099002
Coriano,099003
Gemmano,099004
Misano Adriatico,099005
Mondaino,099006
Montefiore Conca,099008
Montegridolfo,099009
Morciano di Romagna,099011
Riccione,099013
Rimini,099014
Saludecio,099015
San Clemente,099016
San Giovanni in Marignano,099017
Santarcangelo di Romagna,099018
Verucchio,099020
Casteldelci,099021
Maiolo,099022
Novafeltria,099023
Pennabilli,099024
San Leo,099025
Sant'Agata Feltria,099026
Talamello,099027
Poggio Torriana,099028
Montescudo-Monte Colombo,099029
Montecopiolo,099030
Sassofeltrio,099031
Cantagallo,100001
Carmignano,100002
Montemurlo,100003
Poggio a Caiano,100004
Prato,100005
Vaiano,100006
Vernio,100007
Belvedere di Spinello,101001
Caccuri,101002
Carfizzi,101003
Casabona,101004
Castelsilano,101005
Cerenzia,101006
Cirò,101007
Cirò Marina,101008
Cotronei,101009
Crotone,101010
Crucoli,101011
Cutro,101012
Isola di Capo Rizzuto,101013
Melissa,101014
Mesoraca,101015
Pallagorio,101016
Petilia Policastro,101017
Roccabernarda,101018
Rocca di Neto,101019
San Mauro Marchesato,101020
San Nicola dell'Alto,101021
Santa Severina,101022
Savelli,101023
Scandale,101024
Strongoli,101025
Umbriatico,101026
Verzino,101027
Acquaro,102001
Arena,102002
Briatico,102003
Brognaturo,102004
Capistrano,102005
Cessaniti,102006
Dasà,102007
Dinami,102008
Drapia,102009
Fabrizia,102010
Filadelfia,102011
Filandari,102012
Filogaso,102013
Francavilla Angitola,102014
Francica,102015
Gerocarne,102016
Jonadi,102017
Joppolo,102018
Limbadi,102019
Maierato,102020
Mileto,102021
Mongiana,102022
Monterosso Calabro,102023
Nardodipace,102024
Nicotera,102025
Parghelia,102026
Pizzo,102027
Pizzoni,102028
Polia,102029
Ricadi,102030
Rombiolo,102031
San Calogero,102032
San Costantino Calabro,102033
San Gregorio d'Ippona,102034
San Nicola da Crissa,102035
Sant'Onofrio,102036
Serra San Bruno,102037
Simbario,102038
Sorianello,102039
Soriano Calabro,102040
Spadola,102041
Spilinga,102042
Stefanaconi,102043
Tropea,102044
Vallelonga,102045
Vazzano,102046
Vibo Valentia,102047
Zaccanopoli,102048
Zambrone,102049
Zungri,102050
Antrona Schieranco,103001
Anzola d'Ossola,103002
Arizzano,103003
Arola,103004
Aurano,103005
Baceno,103006
Bannio Anzino,103007
Baveno,103008
Bee,103009
Belgirate,103010
Beura-Cardezza,103011
Bognanco,103012
Brovello-Carpugnino,103013
Calasca-Castiglione,103014
Cambiasca,103015
Cannero Riviera,103016
Cannobio,103017
Caprezzo,103018
Casale Corte Cerro,103019
Ceppo Morelli,103021
Cesara,103022
Cossogno,103023
Craveggia,103024
Crevoladossola,103025
Crodo,103026
Domodossola,103028
Druogno,103029
Formazza,103031
Germagno,103032
Ghiffa,103033
Gignese,103034
Gravellona Toce,103035
Gurro,103036
Intragna,103037
Loreglia,103038
Macugnaga,103039
Madonna del Sasso,103040
Malesco,103041
Masera,103042
Massiola,103043
Mergozzo,103044
Miazzina,103045
Montecrestese,103046
Montescheno,103047
Nonio,103048
Oggebbio,103049
Omegna,103050
Ornavasso,103051
Pallanzeno,103052
Piedimulera,103053
Pieve Vergonte,103054
Premeno,103055
Premia,103056
Premosello-Chiovenda,103057
Quarna Sopra,103058
Quarna Sotto,103059
Re,103060
San Bernardino Verbano,103061
Santa Maria Maggiore,103062
Stresa,103064
Toceno,103065
Trarego Viggiona,103066
Trasquera,103067
Trontano,103068
Valstrona,103069
Vanzone con San Carlo,103070
Varzo,103071
Verbania,103072
Vignone,103074
Villadossola,103075
Villette,103076
Vogogna,103077
Borgomezzavalle,103078
Valle Cannobina,103079
Agrate Brianza,108001
Aicurzio,108002
Albiate,108003
Arcore,108004
Barlassina,108005
Bellusco,108006
Bernareggio,108007
Besana in Brianza,108008
Biassono,108009
Bovisio-Masciago,108010
Briosco,108011
Brugherio,108012
Burago di Molgora,108013
Camparada,108014
Carate Brianza,108015
Carnate,108016
Cavenago di Brianza,108017
Ceriano Laghetto,108018
Cesano Maderno,108019
Cogliate,108020
Concorezzo,108021
Correzzana,108022
Desio,108023
Giussano,108024
Lazzate,108025
Lesmo,108026
Limbiate,108027
Lissone,108028
Macherio,108029
Meda,108030
Mezzago,108031
Misinto,108032
Monza,108033
Muggiò,108034
Nova Milanese,108035
Ornago,108036
Renate,108037
Ronco Briantino,108038
Seregno,108039
Seveso,108040
Sovico,108041
Sulbiate,108042
Triuggio,108043
Usmate Velate,108044
Varedo,108045
Vedano al Lambro,108046
Veduggio con Colzano,108047
Verano Brianza,108048
Villasanta,108049
Vimercate,108050
Busnago,108051
Caponago,108052
Cornate d'Adda,108053
Lentate sul Seveso,108054
Roncello,108055
Altidona,109001
Amandola,109002
Belmonte Piceno,109003
Campofilone,109004
Falerone,109005
Fermo,109006
Francavilla d'Ete,109007
Grottazzolina,109008
Lapedona,109009
Magliano di Tenna,109010
Massa Fermana,109011
Monsampietro Morico,109012
Montappone,109013
Montefalcone Appennino,109014
Montefortino,109015
Monte Giberto,109016
Montegiorgio,109017
Montegranaro,109018
Monteleone di Fermo,109019
Montelparo,109020
Monte Rinaldo,109021
Monterubbiano,109022
Monte San Pietrangeli,109023
Monte Urano,109024
Monte Vidon Combatte,109025
Monte Vidon Corrado,109026
Montottone,109027
Moresco,109028
Ortezzano,109029
Pedaso,109030
Petritoli,109031
Ponzano di Fermo,109032
Porto San Giorgio,109033
Porto Sant'Elpidio,109034
Rapagnano,109035
Santa Vittoria in Matenano,109036
Sant'Elpidio a Mare,109037
Servigliano,109038
Smerillo,109039
Torre San Patrizio,109040
Andria,110001
Barletta,110002
Bisceglie,110003
Canosa di Puglia,110004
Margherita di Savoia,110005
Minervino Murge,110006
San Ferdinando di Puglia,110007
Spinazzola,110008
Trani,110009
Trinitapoli,110010
Alghero,112001
Anela,112002
Ardara,112003
Banari,112004
Benetutti,112005
Bessude,112006
Bonnanaro,112007
Bono,112008
Bonorva,112009
Borutta,112010
Bottidda,112011
Bultei,112012
Bulzi,112013
Burgos,112014
Cargeghe,112015
Castelsardo,112016
Cheremule,112017
Chiaramonti,112018
Codrongianos,112019
Cossoine,112020
Erula,112021
Esporlatu,112022
Florinas,112023
Giave,112024
Illorai,112025
Ittireddu,112026
Ittiri,112027
Laerru,112028
Mara,112029
Martis,112030
Monteleone Rocca Doria,112031
Mores,112032
Muros,112033
Nughedu San Nicolò,112034
Nule,112035
Nulvi,112036
Olmedo,112037
Osilo,112038
Ossi,112039
Ozieri,112040
Padria,112041
Pattada,112042
Perfugas,112043
Ploaghe,112044
Porto Torres,112045
Pozzomaggiore,112046
Putifigari,112047
Romana,112048
Santa Maria Coghinas,112049
Sassari,112050
Sedini,112051
Semestene,112052
Sennori,112053
Siligo,112054
Sorso,112055
Stintino,112056
Tergu,112057
Thiesi,112058
Tissi,112059
Torralba,112060
Tula,112061
Uri,112062
Usini,112063
Valledoria,112064
Viddalba,112065
Villanova Monteleone,112066
Aggius,113001
Aglientu,113002
Alà dei Sardi,113003
Arzachena,113004
Badesi,113005
Berchidda,113006
Bortigiadas,113007
Buddusò,113008
Budoni,113009
Calangianus,113010
Golfo Aranci,113011
La Maddalena,113012
Loiri Porto San Paolo,113013
Luogosanto,113014
Luras,113015
Monti,113016
Olbia,113017
Oschiri,113018
Padru,113019
Palau,113020
San Teodoro,113021
Santa Teresa Gallura,113022
Sant'Antonio di Gallura,113023
Telti,113024
Tempio Pausania,113025
Trinità d'Agultu e Vignola,113026
Aritzo,114001
Atzara,114002
Austis,114003
Belvì,114004
Birori,114005
Bitti,114006
Bolotana,114007
Borore,114008
Bortigali,114009
Desulo,114010
Dorgali,114011
Dualchi,114012
Fonni,114013
Gadoni,114014
Galtellì,114015
Gavoi,114016
Irgoli,114017
Lei,114018
Loculi,114019
Lodè,114020
Lodine,114021
Lula,114022
Macomer,114023
Mamoiada,114024
Meana Sardo,114025
Noragugume,114026
Nuoro,114027
Oliena,114028
Ollolai,114029
Olzai,114030
Onanì,114031
Onifai,114032
Oniferi,114033
Orani,114034
Orgosolo,114035
Orosei,114036
Orotelli,114037
Ortueri,114038
Orune,114039
Osidda,114040
Ottana,114041
Ovodda,114042
Posada,114043
Sarule,114044
Seulo,114045
Silanus,114046
Sindia,114047
Siniscola,114048
Sorgono,114049
Teti,114050
Tiana,114051
Tonara,114052
Torpè,114053
Abbasanta,115001
Aidomaggiore,115002
Albagiara,115003
Ales,115004
Allai,115005
Arborea,115006
Ardauli,115007
Assolo,115008
Asuni,115009
Baradili,115010
Baratili San Pietro,115011
Baressa,115012
Bauladu,115013
Bidonì,115014
Bonarcado,115015
Boroneddu,115016
Bosa,115017
Busachi,115018
Cabras,115019
Cuglieri,115020
Curcuris,115021
Flussio,115022
Fordongianus,115023
Ghilarza,115024
Gonnoscodina,115025
Gonnosnò,115026
Gonnostramatza,115027
Laconi,115028
Magomadas,115029
Marrubiu,115030
Masullas,115031
Milis,115032
Modolo,115033
Mogorella,115034
Mogoro,115035
Montresta,115036
Morgongiori,115037
Narbolia,115038
Neoneli,115039
Norbello,115040
Nughedu Santa Vittoria,115041
Nurachi,115042
Nureci,115043
Ollastra,115044
Oristano,115045
Palmas Arborea,115046
Pau,115047
Paulilatino,115048
Pompu,115049
Riola Sardo,115050
Ruinas,115051
Sagama,115052
Samugheo,115053
San Nicolò d'Arcidano,115054
San Vero Milis,115055
Santa Giusta,115056
Santu Lussurgiu,115057
Scano di Montiferro,115058
Sedilo,115059
Seneghe,115060
Senis,115061
Sennariolo,115062
Siamaggiore,115063
Siamanna,115064
Siapiccia,115065
Simala,115066
Simaxis,115067
Sini,115068
Siris,115069
Soddì,115070
Solarussa,115071
Sorradile,115072
Suni,115073
Tadasuni,115074
Terralba,115075
Tinnura,115076
Tramatza,115077
Tresnuraghes,115078
Ulà Tirso,115079
Uras,115080
Usellus,115081
Villa Sant'Antonio,115082
Villa Verde,115083
Villanova Truschedu,115084
Villaurbana,115085
Zeddiani,115086
Zerfaliu,115087
Arzana,116001
Bari Sardo,116002
Baunei,116003
Cardedu,116004
Elini,116005
Gairo,116006
Girasole,116007
Ilbono,116008
Jerzu,116009
Lanusei,116010
Loceri,116011
Lotzorai,116012
Osini,116013
Perdasdefogu,116014
Talana,116015
Tertenia,116016
Tortolì,116017
Triei,116018
Ulassai,116019
Urzulei,116020
Ussassai,116021
Villagrande Strisaili,116022
Seui,116023
Arbus,117001
Barumini,117002
Collinas,117003
Furtei,117004
Genuri,117005
Gesturi,117006
Gonnosfanadiga,117007
Guspini,117008
Las Plassas,117009
Lunamatrona,117010
Pabillonis,117011
Pauli Arbarei,117012
Samassi,117013
San Gavino Monreale,117014
Sanluri,117015
Sardara,117016
Segariu,117017
Serramanna,117018
Serrenti,117019
Setzu,117020
Siddi,117021
Tuili,117022
Turri,117023
Ussaramanna,117024
Villacidro,117025
Villamar,117026
Villanovaforru,117027
Villanovafranca,117028
Armungia,118001
Assemini,118002
Ballao,118003
Barrali,118004
Burcei,118005
Cagliari,118006
Capoterra,118007
Castiadas,118008
Decimomannu,118009
Decimoputzu,118010
Dolianova,118011
Domus de Maria,118012
Donori,118013
Elmas,118014
Escalaplano,118015
Escolca,118016
Esterzili,118017
Genoni,118018
Gergei,118019
Gesico,118020
Goni,118021
Guamaggiore,118022
Guasila,118023
Isili,118024
Mandas,118025
Maracalagonis,118026
Monastir,118027
Monserrato,118028
Muravera,118029
Nuragus,118030
Nurallao,118031
Nuraminis,118032
Nurri,118033
Orroli,118034
Ortacesus,118035
Pimentel,118036
Pula,118037
Quartu Sant'Elena,118038
Quartucciu,118039
Sadali,118040
Samatzai,118041
San Basilio,118042
San Nicolò Gerrei,118043
San Sperate,118044
San Vito,118045
Sant'Andrea Frius,118046
Sarroch,118047
Selargius,118048
Selegas,118049
Senorbì,118050
Serdiana,118051
Serri,118052
Sestu,118053
Settimo San Pietro,118054
Siliqua,118056
Silius,118057
Sinnai,118058
Siurgus Donigala,118059
Soleminis,118060
Suelli,118061
Ussana,118063
Uta,118064
Vallermosa,118065
Villa San Pietro,118066
Villanova Tulo,118067
Villaputzu,118068
Villasalto,118069
Villasimius,118070
Villasor,118071
Villaspeciosa,118072
Buggerru,119001
Calasetta,119002
Carbonia,119003
Carloforte,119004
Domusnovas,119005
Fluminimaggiore,119006
Giba,119007
Gonnesa,119008
Iglesias,119009
Masainas,119010
Musei,119011
Narcao,119012
Nuxis,119013
Perdaxius,119014
Piscinas,119015
Portoscuso,119016
San Giovanni Suergiu,119017
Santadi,119018
Sant'Anna Arresi,119019
Sant'Antioco,119020
Tratalias,119021
Villamassargia,119022
Villaperuccio,119023
Teulada,119024
